Test Actual Price,Test Predicted Price ,%Predict 
100.0,101.98,101.98
274.0,233.05,85.05474452554745
94.0,98.3,104.57446808510637
99.0,101.98,103.01010101010102
203.0,189.39,93.29556650246305
40.0,40.88,102.2
141.0,156.94,111.30496453900709
185.0,186.76,100.95135135135133
100.0,102.64,102.64
94.0,97.17,103.37234042553192
382.0,360.81,94.45287958115183
219.0,252.53,115.31050228310502
115.0,116.41,101.22608695652173
184.0,173.61,94.35326086956522
1409.0,1284.76,91.18239886444287
213.0,226.06,106.13145539906104
164.0,152.38,92.91463414634146
96.0,97.78,101.85416666666667
138.0,131.88,95.56521739130434
63.0,70.24,111.4920634920635
411.0,416.68,101.38199513381996
156.0,146.59,93.96794871794873
161.0,185.71,115.34782608695653
114.0,111.79,98.06140350877193
209.0,208.52,99.77033492822966
90.0,96.36,107.06666666666666
209.0,203.54,97.38755980861244
231.0,217.44,94.12987012987013
160.0,144.26,90.1625
156.0,157.43,100.91666666666667
151.0,132.9,88.01324503311258
181.0,298.83,165.09944751381212
273.0,242.01,88.64835164835164
229.0,202.04,88.22707423580786
175.0,167.18,95.53142857142858
495.0,458.48,92.62222222222223
164.0,172.24,105.02439024390245
141.0,142.96,101.39007092198582
112.0,107.3,95.80357142857142
119.0,112.27,94.34453781512605
99.0,103.72,104.76767676767678
111.0,110.78,99.8018018018018
135.0,149.21,110.52592592592593
113.0,112.84,99.85840707964601
113.0,108.56,96.070796460177
84.0,80.45,95.77380952380953
173.0,165.25,95.52023121387283
81.0,87.69,108.25925925925925
99.0,101.05,102.07070707070707
98.0,109.07,111.29591836734693
89.0,91.83,103.17977528089888
234.0,222.97,95.28632478632478
337.0,292.44,86.77744807121661
538.0,508.45,94.50743494423791
281.0,265.25,94.3950177935943
227.0,247.12,108.86343612334801
285.0,294.17,103.21754385964911
129.0,127.98,99.20930232558139
130.0,138.78,106.75384615384615
179.0,169.93,94.93296089385476
95.0,88.79833333333335,93.47192982456141
98.0,104.27,106.39795918367348
82.0,78.92,96.24390243902438
90.0,134.83,149.81111111111113
49.0,46.06,94.0
98.0,102.99,105.09183673469387
194.0,185.24,95.48453608247424
191.0,209.13,109.49214659685865
115.0,106.8,92.8695652173913
531.0,449.33,84.6195856873823
235.0,284.02,120.8595744680851
467.0,406.28,86.99785867237686
303.0,255.54,84.33663366336633
205.0,206.5,100.73170731707317
203.0,192.95,95.04926108374384
366.0,282.07,77.06830601092895
297.0,297.46,100.15488215488216
189.0,190.29,100.68253968253968
74.0,75.58,102.13513513513513
223.0,198.14,88.85201793721973
274.0,244.4,89.1970802919708
107.0,112.28,104.93457943925233
122.0,122.86,100.70491803278689
122.0,165.54,135.68852459016392
151.0,141.33,93.59602649006624
134.0,112.05,83.61940298507461
250.0,260.95,104.38000000000001
171.0,156.35,91.4327485380117
808.0,751.64,93.02475247524752
40.0,50.87,127.175
79.0,84.07,106.41772151898734
98.0,113.81,116.13265306122449
138.0,144.22,104.5072463768116
99.0,106.54,107.61616161616163
126.0,118.55,94.08730158730158
142.0,157.03,110.58450704225353
138.0,129.15,93.58695652173914
158.0,151.1,95.63291139240506
192.0,164.2,85.52083333333333
143.0,154.07,107.74125874125873
200.0,187.02,93.51
131.0,131.3,100.2290076335878
60.0,59.18283333333333,98.63805555555555
411.0,366.81,89.24817518248175
46.0,68.3,148.47826086956522
119.0,107.79,90.57983193277312
87.0,86.71,99.66666666666666
113.0,118.82,105.15044247787611
142.0,155.86,109.76056338028171
458.0,442.87,96.69650655021834
69.0,72.01,104.36231884057972
133.0,126.31,94.96992481203009
108.0,106.14,98.27777777777777
95.0,99.88,105.13684210526316
90.0,87.73,97.47777777777779
147.0,131.54,89.4829931972789
177.0,165.71,93.62146892655367
93.0,93.14,100.1505376344086
86.0,94.61,110.01162790697674
257.0,271.37,105.59143968871597
75.0,125.77,167.69333333333333
200.0,208.12,104.06
104.0,106.89,102.77884615384616
339.0,318.79,94.03834808259587
205.0,203.86,99.4439024390244
120.0,110.57,92.14166666666667
130.0,114.82,88.32307692307691
207.0,191.88,92.69565217391305
220.0,289.46,131.57272727272726
166.0,145.86,87.86746987951808
296.0,303.23,102.44256756756758
90.0,121.72,135.24444444444444
89.0,82.3,92.47191011235955
88.0,88.31,100.35227272727273
368.0,339.98,92.38586956521739
133.0,142.46,107.11278195488723
136.0,137.56,101.1470588235294
122.0,120.89,99.09016393442623
98.0,100.23,102.27551020408163
126.0,147.95,117.42063492063491
140.0,137.17,97.97857142857141
147.0,154.95,105.40816326530611
75.0,89.44,119.25333333333332
450.0,525.69,116.82000000000001
91.0,108.23,118.93406593406594
200.0,183.78,91.89
94.0,92.0,97.87234042553192
148.0,135.85,91.79054054054053
74.0,88.58,119.7027027027027
170.0,158.42,93.18823529411763
183.0,205.49,112.28961748633881
124.0,119.21,96.13709677419354
128.0,151.45,118.32031249999999
155.0,162.91,105.10322580645162
205.0,205.73,100.35609756097561
190.0,237.0,124.73684210526316
247.0,288.78,116.914979757085
175.0,159.29,91.02285714285713
150.0,135.9,90.60000000000001
79.0,104.28,132.0
211.0,199.03,94.32701421800948
93.0,99.97,107.49462365591398
279.0,265.32,95.09677419354838
471.0,408.22,86.67091295116774
231.0,207.89,89.99567099567099
255.0,230.33,90.32549019607843
119.0,119.26,100.21848739495798
90.0,99.21,110.23333333333332
134.0,120.15,89.66417910447761
68.0,73.58,108.20588235294117
103.0,103.02,100.01941747572816
124.0,135.14,108.98387096774191
180.0,176.28,97.93333333333334
75.0,79.75,106.33333333333333
89.0,89.34,100.38202247191012
109.0,93.486,85.76697247706423
149.0,152.79,102.54362416107381
188.0,170.04,90.4468085106383
149.0,125.93,84.51677852348993
184.0,187.1,101.68478260869564
118.0,115.01,97.46610169491527
298.0,252.46,84.71812080536914
79.0,74.62,94.45569620253164
115.0,110.77,96.32173913043478
130.0,133.37,102.5923076923077
137.0,132.9,97.007299270073
130.0,118.85,91.42307692307692
213.0,239.98,112.66666666666667
100.0,118.7,118.7
141.0,131.38,93.177304964539
116.0,112.02,96.56896551724138
82.0,82.92,101.1219512195122
107.0,110.08,102.87850467289718
117.0,118.87,101.5982905982906
100.0,99.51,99.51
134.0,147.64,110.17910447761193
37.0,49.95,135.0
130.0,126.88,97.6
612.0,486.55,79.50163398692811
142.0,164.41,115.78169014084507
123.0,126.44,102.79674796747966
111.0,103.1,92.88288288288288
3300.0,3049.0,92.39393939393939
136.0,128.13,94.21323529411765
154.0,154.39,100.25324675324674
100.0,148.58,148.58
625.0,541.45,86.632
46.0,78.54,170.73913043478262
151.0,160.08,106.0132450331126
224.0,207.63,92.69196428571428
90.0,86.41,96.0111111111111
215.0,218.82,101.77674418604651
468.0,419.39,89.61324786324786
135.0,139.04,102.99259259259259
310.0,302.37,97.53870967741935
165.0,150.06,90.94545454545455
88.0,89.79,102.03409090909092
115.0,117.39,102.07826086956521
99.0,95.19,96.15151515151516
107.0,106.59,99.61682242990655
160.0,139.59,87.24374999999999
124.0,125.83,101.4758064516129
105.0,104.42,99.44761904761906
130.0,144.24,110.95384615384616
169.0,159.71,94.50295857988166
81.0,77.81,96.06172839506173
83.0,105.93,127.6265060240964
215.0,181.75,84.53488372093022
90.0,106.89,118.76666666666667
418.0,391.22,93.5933014354067
156.0,141.85,90.92948717948718
83.0,90.17,108.63855421686748
107.0,109.77,102.58878504672897
351.0,283.71,80.82905982905983
81.0,83.14,102.64197530864199
108.0,104.14,96.42592592592592
123.0,155.21,126.18699186991871
102.0,99.84,97.88235294117648
43700.0,38280.0,87.59725400457667
170.0,162.51,95.59411764705882
180.0,174.28,96.82222222222222
135.0,123.87,91.75555555555556
136.0,132.82,97.66176470588235
165.0,291.19,176.47878787878787
116.0,113.75,98.0603448275862
124.0,121.87,98.28225806451614
372.0,328.3,88.25268817204301
119.0,114.83,96.49579831932773
319.0,287.28,90.0564263322884
115.0,115.41,100.35652173913043
139.0,127.78,91.92805755395683
154.0,154.58,100.37662337662339
550.0,511.4,92.98181818181817
101.0,106.47,105.41584158415841
305.0,314.63,103.15737704918033
92.0,92.75,100.81521739130434
26700.0,26756.0,100.20973782771536
108.0,113.87,105.4351851851852
87.0,90.72,104.27586206896551
80.0,81.92,102.4
125.0,127.81,102.248
253.0,231.85,91.6403162055336
100.0,102.63,102.63
464.0,457.33,98.5625
134.0,151.68,113.19402985074628
125.0,129.13,103.304
135.0,138.38,102.50370370370369
106.0,106.65,100.61320754716982
239.0,213.22,89.21338912133892
192.0,185.61,96.671875
188.0,165.25,87.89893617021278
205.0,182.77,89.15609756097561
150.0,159.35,106.23333333333333
125.0,143.12,114.496
95.0,127.15,133.8421052631579
255.0,260.22,102.04705882352943
88.0,105.49,119.875
124.0,123.35,99.4758064516129
136.0,165.22,121.48529411764706
104.0,133.1,127.98076923076923
162.0,167.92,103.6543209876543
51.0,51.96,101.88235294117646
200.0,183.17,91.585
105.0,114.36,108.91428571428573
99.0,95.7,96.66666666666667
216.0,200.59,92.86574074074075
237.0,211.07,89.05907172995781
272.0,277.47,102.01102941176472
165.0,159.75,96.81818181818181
320.0,334.07,104.396875
115.0,110.796,96.34434782608696
171.0,166.45,97.3391812865497
118.0,111.29,94.3135593220339
71.0,79.49,111.95774647887322
124.0,126.63,102.12096774193549
314.0,267.15,85.0796178343949
85.0,100.87,118.67058823529413
124.0,120.87,97.47580645161291
113.0,115.21,101.95575221238937
131.0,150.69,115.03053435114504
236.0,248.29,105.20762711864407
141.0,138.71,98.3758865248227
115.0,118.08,102.67826086956522
134.0,148.45,110.78358208955224
149.0,142.08,95.35570469798658
72.0,81.76,113.55555555555557
50.0,73.69,147.38
150.0,137.06,91.37333333333333
189.0,175.64,92.93121693121692
73.0,78.78,107.91780821917808
95.0,102.01,107.37894736842107
250.0,189.435,75.774
103.0,107.365,104.23786407766991
140.0,131.12,93.65714285714286
119.0,123.52,103.7983193277311
77.0,97.84,127.06493506493506
93.0,92.87,99.86021505376344
300.0,332.59,110.86333333333333
308.0,261.67,84.95779220779221
112.0,104.77,93.54464285714286
93.0,91.28,98.15053763440861
118.0,101.86,86.32203389830508
137.0,144.15,105.21897810218978
405.0,391.87,96.75802469135803
140.0,138.31,98.79285714285714
172.0,166.34,96.70930232558139
65.0,81.99,126.13846153846153
142.0,142.63,100.44366197183099
278.0,253.58,91.2158273381295
113.0,108.38,95.91150442477876
145.0,145.17,100.11724137931033
63.0,71.66,113.74603174603175
223.0,231.8,103.94618834080718
115.0,113.06,98.31304347826088
110.0,105.15,95.5909090909091
67.0,76.2,113.73134328358209
154.0,143.98,93.49350649350649
102.0,97.91,95.99019607843137
96.0,104.97,109.34375
178.0,162.61,91.35393258426967
78.0,83.59,107.16666666666667
55.0,56.53,102.78181818181818
134.0,132.97,99.23134328358209
220.0,231.83,105.37727272727273
157.0,146.12,93.07006369426752
105.0,104.89,99.8952380952381
123.0,122.51,99.60162601626017
181.0,177.46,98.04419889502762
273.0,258.76,94.78388278388277
107.0,105.28,98.39252336448598
109.0,112.27,103.0
196.0,175.13,89.35204081632652
3456.0,3300.62,95.50405092592592
95.0,97.28,102.4
128.0,112.64,88.0
345.0,320.34,92.85217391304347
136.0,149.54,109.95588235294119
161.0,154.29,95.83229813664596
119.0,143.0,120.16806722689076
83.0,79.98666666666666,96.36947791164658
75.0,88.17,117.56
132.0,156.74,118.74242424242425
83.0,81.06,97.66265060240964
154.0,143.8,93.37662337662339
84.0,89.37,106.39285714285715
109.0,127.18,116.6788990825688
124.0,124.31,100.25
105.0,92.8,88.38095238095238
110.0,119.41,108.55454545454546
110.0,116.47,105.88181818181819
111.0,112.45,101.30630630630631
212.0,180.45,85.11792452830188
200.0,189.76,94.88
128.0,135.76,106.0625
129.0,133.75,103.68217054263566
209.0,163.75,78.34928229665071
99.0,103.76,104.80808080808082
278.0,216.28,77.79856115107914
88.0,93.56,106.31818181818183
224.0,205.4,91.69642857142858
80.0,79.87,99.8375
223.0,195.95,87.86995515695067
241.0,219.81,91.20746887966806
81.0,75.7,93.45679012345678
239.0,215.83,90.30543933054393
130.0,116.8225,89.86346153846154
210.0,191.46,91.17142857142856
119.0,113.47,95.35294117647058
202.0,187.98,93.05940594059405
65.0,67.1,103.23076923076921
96.0,98.42,102.52083333333333
190.0,226.67,119.29999999999998
111.0,153.33,138.13513513513516
97.0,90.42,93.21649484536083
205.0,209.28,102.08780487804879
266.0,244.13,91.7781954887218
182.0,188.54,103.59340659340658
105.0,126.675,120.64285714285714
102.0,98.32,96.3921568627451
115.0,107.27,93.27826086956522
93.0,115.47,124.16129032258065
180.0,184.53,102.51666666666668
91.0,103.2,113.4065934065934
320.0,280.57,87.678125
128.0,151.22,118.140625
206.0,218.93,106.27669902912622
221.0,194.35,87.94117647058823
138.0,132.53,96.03623188405798
116.0,115.32,99.41379310344827
236.0,254.43,107.8093220338983
638.0,658.34,103.18808777429467
231.0,219.21,94.8961038961039
124.0,168.37,135.78225806451613
195.0,196.03,100.52820512820513
139.0,127.91,92.02158273381295
100.0,98.27,98.27
113.0,106.59,94.32743362831859
143.0,144.55,101.0839160839161
235.0,227.86,96.96170212765958
220.0,208.35,94.70454545454545
89.0,90.62,101.82022471910113
375.0,337.43,89.98133333333334
154.0,204.8,132.98701298701297
26.0,48.41,186.19230769230768
64.0,80.8,126.25
140.0,133.78,95.55714285714286
216.0,272.6,126.20370370370371
135.0,127.99,94.80740740740741
106.0,104.45,98.5377358490566
158.0,160.6,101.64556962025316
86.0,88.67,103.1046511627907
158.0,163.89,103.7278481012658
240.0,242.01,100.8375
111.0,114.29,102.96396396396396
200.0,197.31,98.655
87.0,96.34,110.73563218390805
149.0,145.12,97.39597315436241
142.0,218.04,153.54929577464787
395.0,345.36,87.43291139240506
139.0,137.86,99.17985611510792
120.0,125.32,104.43333333333334
92.0,91.9,99.8913043478261
330.0,323.54,98.04242424242425
139.0,125.64,90.38848920863309
93.0,111.86,120.27956989247312
74.0,74.22,100.2972972972973
131.0,125.25,95.61068702290076
171.0,162.39,94.96491228070174
89.0,87.72,98.56179775280899
74.0,79.53,107.47297297297298
187.0,182.9,97.80748663101605
92.0,97.01,105.44565217391305
120.0,126.06,105.05
102.0,103.09,101.0686274509804
85.0,94.0,110.58823529411765
117.0,124.5,106.41025641025641
83.0,95.56,115.13253012048193
875.0,648.17,74.07657142857143
123.0,123.25,100.20325203252031
134.0,155.66,116.16417910447761
195.0,161.13,82.63076923076923
229.0,227.23,99.22707423580786
502.0,544.86,108.5378486055777
1349.0,1463.82,108.5114899925871
108.0,117.0,108.33333333333333
100.0,111.79,111.79
155.0,140.83,90.85806451612905
85.0,79.55,93.58823529411764
121.0,121.22,100.18181818181817
113.0,113.67,100.59292035398231
100.0,108.42,108.42
100.0,103.99,103.99000000000001
153.0,139.65,91.27450980392157
90.0,98.6075,109.56388888888888
165.0,164.62,99.76969696969698
265.0,242.09,91.35471698113207
2743.0,3198.4,116.60226029894277
162.0,178.72,110.32098765432099
100.0,103.8,103.8
230.0,217.94,94.75652173913043
95.0,102.94,108.3578947368421
88.0,83.54,94.93181818181819
220.0,230.01,104.54999999999998
194.0,225.52,116.24742268041237
79.0,82.46,104.37974683544302
131.0,131.08,100.06106870229007
129.0,140.51,108.92248062015504
634.0,737.46,116.31861198738171
118.0,119.97,101.66949152542372
135.0,126.16,93.45185185185186
88.0,95.17,108.14772727272728
341.0,309.8,90.85043988269796
134.0,133.42,99.56716417910447
112.0,117.36,104.78571428571428
153.0,150.28,98.22222222222223
99.0,99.44,100.44444444444444
528.0,506.44,95.91666666666666
155.0,145.93,94.1483870967742
160.0,142.19,88.86874999999999
120.0,138.1,115.08333333333334
53.0,54.86,103.50943396226415
131.0,148.6,113.43511450381678
108.0,118.39,109.62037037037038
132.0,136.73,103.58333333333331
50.0,51.81,103.62
240.0,198.07,82.52916666666667
149.0,153.64,103.11409395973155
360.0,403.03,111.95277777777777
249.0,229.93,92.34136546184739
148.0,144.08,97.35135135135135
108.0,102.49,94.89814814814814
159.0,151.83,95.49056603773586
133.0,137.18,103.14285714285715
103.0,115.34,111.98058252427185
1700.0,1593.78,93.75176470588235
88.0,92.37,104.96590909090911
366.0,351.66,96.08196721311477
108.0,109.32,101.22222222222221
142.0,148.05,104.2605633802817
230.0,193.71,84.22173913043478
201.0,182.4,90.74626865671642
148.0,141.3,95.47297297297298
126.0,120.47,95.61111111111111
102.0,103.27,101.24509803921569
92.0,102.72,111.65217391304347
73.0,82.77,113.3835616438356
146.0,133.59,91.5
103.0,95.56,92.77669902912622
208.0,195.24,93.86538461538461
119.0,129.59,108.89915966386555
197.0,239.37,121.50761421319798
136.0,136.34,100.25
69.0,87.03,126.1304347826087
213.0,221.41,103.94835680751173
129.0,133.16,103.2248062015504
186.0,183.89,98.86559139784946
330.0,309.01,93.63939393939393
99.0,106.41,107.48484848484847
95.0,97.22,102.33684210526314
89.0,90.63,101.8314606741573
100.0,100.64,100.64
88.0,97.13,110.375
150.0,175.34,116.89333333333335
203.0,223.99,110.33990147783253
108.0,108.41,100.37962962962963
143.0,135.45,94.7202797202797
115.0,103.12,89.66956521739131
176.0,163.4,92.8409090909091
128.0,120.17,93.8828125
87.0,85.86200000000001,98.69195402298851
92.0,93.17,101.2717391304348
81.0,81.79,100.97530864197533
92.0,106.53,115.79347826086956
144.0,132.2,91.80555555555556
320.0,351.17,109.74062500000001
198.0,224.66,113.46464646464646
109.0,102.29,93.84403669724772
172.0,158.64,92.23255813953487
104.0,101.17,97.27884615384616
53.0,64.33,121.37735849056604
149.0,172.56,115.81208053691275
75.0,86.62,115.49333333333334
259.0,239.6,92.50965250965251
84.0,89.08,106.04761904761904
83.0,124.28,149.73493975903617
225.0,216.39,96.17333333333332
131.0,138.39,105.64122137404578
105.0,103.78,98.83809523809524
149.0,135.27,90.78523489932887
153.0,180.34,117.86928104575163
184.0,112.77557142857144,61.29107142857143
480.0,374.54,78.02916666666667
42.0,62.295,148.32142857142858
152.0,147.12,96.78947368421052
83.0,92.07,110.92771084337349
93.0,86.55,93.06451612903226
126.0,112.18,89.03174603174604
115.0,112.5,97.82608695652173
79.0,228.72,289.5189873417722
69.0,76.41561904761903,110.74727398205657
130.0,138.73,106.71538461538461
124.0,120.89,97.49193548387098
98.0,87.97,89.76530612244898
78.0,81.842,104.92564102564101
132.0,128.83,97.59848484848486
142.0,119.34,84.04225352112677
422.0,367.24,87.02369668246446
76.0,82.45,108.48684210526316
395.0,374.41,94.7873417721519
208.0,192.5,92.54807692307693
254.0,243.32,95.79527559055117
154.0,167.33,108.65584415584418
90.0,80.32,89.24444444444444
80.0,87.68,109.60000000000001
128.0,148.59,116.0859375
94.0,99.15,105.47872340425532
180.0,170.9,94.94444444444444
143.0,147.46,103.11888111888112
99.0,110.64,111.75757575757576
105.0,97.96,93.29523809523809
495.0,430.38,86.94545454545455
140.0,138.05,98.60714285714286
389.0,368.94,94.84318766066838
87.0,113.33,130.26436781609195
170.0,193.02,113.54117647058824
70.0,80.08,114.39999999999999
547.0,503.46,92.04021937842778
2225.0,2176.62,97.82561797752808
104.0,94.31,90.68269230769232
137.0,107.63,78.56204379562044
91.0,110.99,121.96703296703295
118.0,112.76,95.55932203389831
95.0,91.98,96.82105263157895
250.0,266.94,106.77600000000001
106.0,94.96,89.58490566037736
30200.0,29428.0,97.44370860927151
441.0,404.99,91.8344671201814
219.0,226.73,103.5296803652968
90.0,101.91,113.23333333333332
322.0,268.42,83.36024844720498
85.0,89.37,105.14117647058825
284.0,243.05,85.58098591549296
266.0,260.18,97.81203007518798
155.0,181.08,116.82580645161292
138.0,132.55,96.05072463768117
229.0,214.14,93.51091703056767
175.0,169.62,96.92571428571429
100.0,104.23,104.23
169.0,157.07,92.94082840236686
50.0,59.62333333333334,119.24666666666668
230.0,212.47,92.37826086956522
121.0,115.69,95.61157024793388
209.0,189.99,90.9043062200957
173.0,142.28,82.24277456647398
100.0,110.95,110.94999999999999
121.0,118.45,97.89256198347107
121.0,125.44,103.6694214876033
99.0,115.26,116.42424242424244
56.0,66.29,118.37500000000001
228.0,211.76,92.87719298245614
321.0,279.55,87.08722741433023
178.0,180.06,101.15730337078652
99.0,102.75,103.78787878787878
76.0,79.77,104.96052631578947
106.0,107.06,101.0
274.0,303.26,110.67883211678833
151.0,132.74,87.90728476821192
138.0,135.4,98.11594202898551
57.0,65.51,114.92982456140352
203.0,195.48,96.29556650246305
200.0,218.36,109.18
117.0,116.07,99.2051282051282
80.0,84.73,105.91250000000001
1348.0,1261.92,93.61424332344214
134.0,132.15,98.61940298507463
127.0,119.53,94.11811023622047
95.0,102.27,107.65263157894735
120.0,119.38,99.48333333333333
101.0,104.84,103.8019801980198
193.0,238.22,123.43005181347151
110.0,113.38,103.07272727272728
110.0,105.58,95.98181818181818
139.0,131.44,94.56115107913668
129.0,119.12,92.34108527131784
87.0,82.46,94.7816091954023
120.0,116.0,96.66666666666667
86.0,86.18,100.2093023255814
90.0,100.38,111.53333333333333
88.0,98.81,112.2840909090909
106.0,120.45,113.63207547169812
100.0,112.35,112.35
101.0,94.28,93.34653465346535
138.0,140.32,101.68115942028986
113.0,98.16,86.86725663716814
120.0,120.66,100.55000000000001
90.0,106.74,118.6
88.0,95.08,108.04545454545453
101.0,125.3,124.05940594059406
89.0,89.21,100.23595505617978
232.0,216.88,93.48275862068965
416.0,448.46,107.80288461538461
115.0,139.1,120.95652173913042
199.0,185.92,93.42713567839195
127.0,133.94,105.46456692913387
139.0,125.26,90.11510791366906
150.0,136.55,91.03333333333335
60.0,88.08,146.8
116.0,140.53,121.14655172413794
110.0,116.56,105.96363636363637
128.0,165.56,129.34375
110.0,116.28,105.7090909090909
405.0,527.83,130.3283950617284
150.0,215.53,143.68666666666667
30200.0,29221.0,96.75827814569537
65.0,68.71,105.7076923076923
214.0,187.96,87.83177570093457
90.0,87.08,96.75555555555555
499.0,438.81,87.937875751503
87.0,87.57,100.6551724137931
133.0,131.87,99.15037593984962
117.0,130.34,111.40170940170941
102.0,103.96,101.92156862745097
59.0,65.31,110.69491525423729
131.0,125.65,95.91603053435115
172.0,163.91,95.29651162790698
112.0,105.85666666666665,94.51488095238093
194.0,218.02,112.38144329896909
78.0,90.12,115.53846153846155
83.0,90.43,108.95180722891567
125.0,140.81,112.648
69.0,81.38,117.94202898550724
158.0,161.58,102.26582278481014
143.0,175.65,122.83216783216784
220.0,214.73,97.60454545454546
170.0,190.04,111.78823529411763
162.0,166.95,103.05555555555554
97.0,107.94,111.27835051546391
205.0,207.05,101.0
123.0,137.39,111.69918699186991
159.0,168.75,106.13207547169812
112.0,109.01,97.33035714285715
112.0,102.1,91.16071428571428
96.0,97.97,102.05208333333333
82800.0,93535.0,112.96497584541063
175.0,174.22,99.55428571428571
185.0,186.71,100.92432432432432
165.0,180.24,109.23636363636365
129.0,125.03,96.92248062015504
100.0,100.92,100.92000000000002
142.0,154.44,108.76056338028168
86.0,93.47,108.6860465116279
98.0,104.01,106.1326530612245
95.0,109.57,115.33684210526316
90.0,103.76,115.28888888888889
104.0,108.17,104.0096153846154
67.0,74.29,110.88059701492539
337.0,328.84,97.57863501483679
145.0,184.04,126.92413793103448
98.0,101.33,103.39795918367346
1704.0,1393.38,81.77112676056339
47.0,57.51666666666666,122.37588652482268
129.0,129.45,100.34883720930232
91.0,92.5,101.64835164835165
165.0,160.81,97.46060606060605
101.0,102.5,101.48514851485149
135.0,158.505,117.41111111111111
133.0,139.77,105.09022556390978
87.0,86.54,99.4712643678161
145.0,131.89,90.95862068965516
84.0,95.42,113.5952380952381
496.0,373.5,75.30241935483872
337.0,295.06,87.55489614243324
127.0,120.07,94.54330708661416
250.0,225.89,90.356
130.0,125.69,96.68461538461538
169.0,173.58,102.71005917159763
55.0,69.43,126.23636363636366
254.0,234.76,92.4251968503937
115.0,105.67,91.88695652173912
46.0,60.02,130.47826086956522
98.0,100.23,102.27551020408163
102.0,104.0,101.96078431372548
113.0,117.1,103.6283185840708
190.0,288.96,152.0842105263158
101.0,105.86666666666667,104.81848184818483
89.0,88.7,99.66292134831461
333.0,290.25,87.16216216216216
72.0,76.78,106.63888888888889
106.0,106.52,100.49056603773585
232.0,207.58,89.47413793103449
109.0,113.19,103.84403669724772
40.0,59.21,148.025
71.0,82.76,116.56338028169016
105.0,123.96,118.05714285714286
115.0,119.18,103.63478260869566
83.0,78.5,94.57831325301204
204.0,196.23,96.19117647058823
98.0,130.14,132.79591836734693
123.0,119.24,96.9430894308943
111.0,105.23,94.80180180180182
541.0,471.64,87.17929759704252
55.0,71.38,129.78181818181818
109.0,116.33,106.72477064220183
127.0,128.5,101.18110236220473
71.0,75.79,106.74647887323945
85.0,90.4,106.35294117647061
91.0,94.61,103.96703296703296
190.0,243.32,128.06315789473683
77.0,90.26,117.22077922077922
56.0,64.26,114.75000000000001
136.0,121.68,89.47058823529413
300.0,263.89,87.96333333333332
81.0,84.9,104.81481481481482
156.0,165.37,106.00641025641026
133.0,124.85,93.87218045112782
211.0,206.52,97.87677725118485
124.0,125.53,101.23387096774195
61.0,71.92,117.90163934426229
135.0,136.66,101.22962962962963
94.0,88.57,94.22340425531914
185.0,176.52,95.41621621621623
85.0,86.2,101.41176470588236
272.0,234.57,86.23897058823529
155.0,156.01,100.6516129032258
2600.0,2217.12,85.27384615384615
6653.0,6095.39,91.6186682699534
145.0,147.4,101.65517241379311
82.0,78.45,95.67073170731707
92.0,92.06,100.06521739130434
135.0,150.57,111.53333333333333
230.0,224.02,97.4
120.0,126.08,105.06666666666666
96.0,98.59,102.69791666666667
87.0,99.75,114.65517241379311
177.0,176.3,99.60451977401131
87.0,99.61,114.49425287356321
92.0,94.48,102.69565217391306
224.0,307.91,137.45982142857144
100.0,102.09,102.09000000000002
97.0,108.75,112.11340206185567
90.0,101.88,113.19999999999999
81.0,79.91,98.65432098765432
95.0,125.97,132.6
93.0,90.87,97.70967741935485
185.0,172.06,93.00540540540541
109.0,105.07,96.39449541284402
85.0,90.98,107.03529411764707
76.0,79.87,105.0921052631579
194.0,189.53,97.6958762886598
100.0,119.83,119.83
107.0,99.96,93.42056074766354
67.0,73.63,109.89552238805969
123.0,116.31,94.5609756097561
60.0,66.19,110.31666666666666
135.0,174.34,129.14074074074074
104.0,109.27,105.0673076923077
126.0,131.58,104.42857142857144
119.0,111.15,93.40336134453781
97.0,101.39,104.52577319587628
135.0,152.05,112.62962962962963
66.0,78.3,118.63636363636363
78.0,77.01,98.73076923076923
165.0,164.64,99.78181818181817
165.0,188.07,113.98181818181818
147.0,167.67,114.06122448979592
90.0,102.59,113.9888888888889
200.0,187.14,93.57
126.0,127.01,100.8015873015873
97.0,92.07,94.91752577319586
117.0,101.67733333333332,86.9037037037037
108.0,106.65,98.75
332.0,301.67,90.86445783132531
107.0,99.18,92.69158878504673
135.0,151.64,112.32592592592592
156.0,143.13,91.75
127.0,124.0,97.63779527559055
57.0,64.11,112.47368421052633
110.0,111.74,101.58181818181818
111.0,105.34,94.90090090090091
150.0,171.19,114.12666666666667
95.0,105.47,111.02105263157895
94.0,96.92,103.10638297872342
85.0,90.56,106.54117647058823
1360.0,1367.77,100.57132352941176
151.0,140.03,92.73509933774835
112.0,121.21,108.22321428571429
114.0,110.55,96.97368421052632
1555.0,1833.06,117.88167202572346
122.0,109.52,89.77049180327869
116.0,113.69,98.00862068965517
475.0,446.96,94.09684210526315
100.0,105.85,105.85
312.0,298.4,95.64102564102564
65.0,75.04,115.44615384615386
368.0,304.26,82.67934782608695
69.0,90.82,131.6231884057971
55.0,69.94,127.16363636363637
65.0,67.87,104.41538461538462
229.0,254.72,111.23144104803492
106.0,102.31,96.51886792452831
241.0,269.88,111.98340248962654
87.0,91.64,105.33333333333333
160.0,151.94,94.96249999999999
118.0,111.2175,94.25211864406779
118.0,108.6,92.03389830508473
78.0,82.89,106.26923076923076
123.0,120.06,97.60975609756098
196.0,196.52,100.26530612244899
105.0,109.55,104.33333333333333
144.0,138.29,96.03472222222221
68.0,85.34,125.50000000000001
55.0,68.91,125.29090909090908
638.0,658.18,103.16300940438872
155.0,156.07,100.69032258064516
89.0,99.32,111.59550561797754
79.0,80.06,101.34177215189875
112.0,113.68,101.50000000000001
342.0,285.44,83.46198830409357
211.0,190.07,90.08056872037913
107.0,106.69,99.71028037383178
133.0,131.17,98.62406015037593
3000.0,2755.58,91.85266666666666
225.0,234.55,104.24444444444445
75.0,76.41,101.88
133.0,126.93,95.43609022556392
80.0,86.7,108.375
141.0,129.65,91.9503546099291
88.0,92.43,105.03409090909092
235.0,237.13,100.90638297872341
135.0,130.73,96.83703703703704
115.0,134.22,116.71304347826086
99.0,105.02,106.08080808080808
30.0,33.57,111.9
262.0,327.09,124.84351145038165
217.0,201.65,92.92626728110599
117.0,111.15,95.0
99.0,107.71,108.79797979797978
354.0,423.76,119.70621468926555
111.0,113.61,102.35135135135135
102.0,111.03,108.8529411764706
93.0,107.2,115.26881720430109
229.0,251.4,109.78165938864628
62.0,65.98,106.41935483870968
188.0,198.13,105.38829787234043
207.0,240.2,116.03864734299516
151.0,136.38,90.31788079470199
90.0,87.97,97.74444444444444
230.0,201.38,87.55652173913043
85.0,93.9,110.47058823529412
94.0,97.64,103.8723404255319
130.0,127.06,97.73846153846154
98.0,93.39,95.29591836734694
107.0,99.73,93.20560747663552
105.0,104.65,99.66666666666667
75.0,100.69,134.25333333333333
99.0,109.43,110.53535353535355
128.0,120.46,94.109375
78.0,77.91,99.88461538461539
82.0,67.98966666666666,82.91422764227642
138.0,128.15,92.86231884057972
160.0,181.37,113.35625
104.0,100.45,96.58653846153847
113.0,114.34,101.18584070796462
135.0,140.54,104.1037037037037
120.0,122.38,101.98333333333333
78.0,87.65,112.37179487179488
74.0,84.53,114.22972972972974
65.0,75.24333333333333,115.75897435897436
126.0,120.44,95.58730158730158
89.0,102.35,114.99999999999999
150.0,166.78,111.18666666666668
125.0,112.79,90.232
1267.0,1283.79,101.32517758484609
71.0,79.01,111.28169014084509
109.0,92.69,85.03669724770641
112.0,106.67,95.24107142857143
278.0,285.31,102.6294964028777
106.0,108.3,102.16981132075472
375.0,299.55,79.88000000000001
162.0,154.77,95.53703703703704
177.0,185.03,104.53672316384181
118.0,117.5,99.57627118644068
135.0,130.83,96.91111111111113
59.0,65.61,111.20338983050848
45.0,62.02,137.82222222222222
115.0,100.58,87.4608695652174
209.0,189.56,90.69856459330143
103.0,102.57,99.58252427184465
111.0,113.79,102.51351351351352
223.0,193.03,86.56053811659193
114.0,117.76,103.2982456140351
139.0,143.74,103.41007194244605
215.0,198.98,92.54883720930232
59.0,71.77,121.64406779661017
92.0,95.08,103.34782608695652
125.0,115.15,92.12
129.0,127.57,98.89147286821705
170.0,168.34,99.02352941176471
875.0,699.28,79.91771428571428
105.0,104.12,99.16190476190476
189.0,160.62,84.98412698412699
294.0,247.9,84.31972789115646
86.0,82.22,95.6046511627907
180.0,234.27,130.15
94.0,128.4,136.59574468085108
165.0,166.31,100.7939393939394
120.0,123.13,102.60833333333332
214.0,183.68,85.83177570093459
190.0,186.38,98.09473684210526
131.0,137.76,105.16030534351144
167.0,140.42,84.08383233532933
85.0,92.44,108.75294117647059
185.0,214.1,115.72972972972973
75.0,87.84,117.12
117.0,125.61333333333334,107.36182336182335
1364.0,1412.1,103.52639296187682
99.0,96.51,97.48484848484848
229.0,194.33,84.86026200873363
111.0,119.88,107.99999999999999
101.0,100.69,99.6930693069307
84.0,84.67,100.79761904761907
180.0,184.0,102.22222222222221
112.0,107.03,95.5625
132.0,130.6,98.93939393939394
70.0,82.72,118.17142857142858
65.0,67.38,103.66153846153846
102.0,99.82,97.8627450980392
124.0,117.94,95.11290322580645
101.0,103.31,102.2871287128713
114.0,150.59,132.09649122807016
126.0,127.04,100.82539682539684
142.0,140.44,98.90140845070422
122.0,139.18,114.08196721311477
400.0,417.41,104.3525
125.0,167.73,134.184
107.0,110.63,103.39252336448597
115.0,111.02,96.5391304347826
113.0,108.12,95.68141592920354
73.0,77.018,105.50410958904111
133.0,149.8,112.63157894736844
137.0,176.43,128.78102189781023
250.0,302.13,120.852
175.0,191.18,109.24571428571429
192.0,185.57,96.65104166666666
225.0,243.58,108.25777777777779
290.0,313.54,108.11724137931036
202.0,255.01,126.24257425742573
190.0,174.63,91.91052631578948
366.0,405.07,110.67486338797814
179.0,167.41,93.52513966480447
103.0,107.4,104.27184466019419
116.0,124.98,107.74137931034483
111.0,99.89,89.990990990991
274.0,319.07,116.44890510948905
133.0,132.87,99.90225563909775
106.0,109.66,103.45283018867923
275.0,321.99,117.08727272727273
163.0,154.36,94.6993865030675
261.0,264.5,101.34099616858236
147.0,142.35,96.83673469387755
398.0,419.72,105.45728643216081
549.0,447.59,81.52823315118397
240.0,233.35,97.22916666666667
250.0,240.95,96.38
160.0,169.28,105.80000000000001
444.0,335.59,75.58333333333333
94.0,92.71,98.62765957446807
110.0,116.08,105.52727272727273
100.0,112.3,112.3
146.0,137.53,94.19863013698631
85.0,90.31,106.2470588235294
154.0,165.97,107.77272727272727
275.0,256.5,93.27272727272728
143.0,156.42,109.38461538461537
129.0,125.9,97.59689922480621
102.0,114.54,112.29411764705884
80.0,89.66,112.07499999999999
109.0,119.27,109.42201834862384
108.0,101.7,94.16666666666667
154.0,165.85,107.69480519480518
915.0,940.06,102.73879781420764
61.0,70.56,115.67213114754098
199.0,167.4,84.12060301507537
2200.0,2229.19,101.3268181818182
63.0,67.18,106.63492063492063
124.0,114.88,92.64516129032258
186.0,158.07,84.98387096774194
98.0,93.67,95.58163265306122
115.0,126.38,109.89565217391304
81.0,80.56,99.4567901234568
132.0,131.5,99.62121212121212
134.0,110.88,82.74626865671641
159.0,166.07,104.44654088050314
50.0,72.98,145.96
89.0,91.24,102.51685393258427
127.0,115.64,91.05511811023622
120.0,113.36,94.46666666666667
107.0,135.78,126.89719626168225
173.0,168.35,97.31213872832369
161.0,146.76,91.15527950310558
87.0,88.46,101.67816091954023
150.0,144.51,96.33999999999999
143.0,146.63,102.53846153846153
77.0,79.0,102.59740259740259
85.0,94.54,111.22352941176472
101.0,101.69,100.68316831683168
189.0,185.47,98.13227513227513
98.0,98.75,100.76530612244898
92.0,98.1,106.6304347826087
32.0,38.26,119.5625
188.0,216.55,115.18617021276596
159.0,149.47,94.00628930817611
203.0,265.46,130.76847290640393
260.0,250.75,96.4423076923077
95.0,88.55,93.21052631578947
190.0,198.03,104.22631578947367
114.0,111.44,97.75438596491229
69.0,115.49,167.3768115942029
171.0,166.94,97.62573099415205
60.0,74.33,123.88333333333333
124.0,118.57,95.62096774193549
178.0,172.65,96.99438202247191
148.0,138.56,93.62162162162161
640.0,649.43,101.4734375
947.0,871.44,92.02111932418163
400.0,344.14,86.035
67.0,70.93333333333334,105.87064676616916
109.0,100.87,92.54128440366974
170.0,186.96,109.9764705882353
260.0,292.12,112.35384615384616
121.0,123.01,101.6611570247934
62.0,72.22,116.48387096774194
155.0,197.46,127.39354838709677
61.0,77.86,127.63934426229508
96.0,99.11,103.23958333333334
412.0,535.51,129.97815533980582
432.0,409.72,94.8425925925926
128.0,126.94,99.171875
132.0,127.73,96.76515151515152
179.0,174.51,97.49162011173183
134.0,177.48,132.44776119402982
123.0,125.59,102.10569105691056
154.0,139.26,90.42857142857143
125.0,164.84,131.872
111.0,109.45,98.6036036036036
118.0,121.18,102.69491525423729
128.0,119.63,93.4609375
476.0,543.86,114.25630252100841
213.0,223.84,105.08920187793427
157.0,167.31,106.56687898089172
160.0,158.9,99.3125
142.0,133.84,94.25352112676056
100.0,137.61,137.61
137.0,200.97,146.6934306569343
100.0,108.8,108.80000000000001
120.0,109.98,91.64999999999999
128.0,123.85,96.7578125
102.0,128.24,125.72549019607844
180.0,165.5,91.94444444444444
93.0,102.13,109.81720430107526
42.0,59.08,140.66666666666669
145.0,144.28,99.50344827586207
80.0,87.9,109.87500000000001
101.0,104.17,103.13861386138615
232.0,219.59,94.65086206896551
64.0,60.12,93.9375
176.0,170.21,96.71022727272728
154.0,148.84,96.64935064935065
123.0,165.78,134.78048780487805
434.0,413.8,95.34562211981567
22600.0,27595.0,122.10176991150443
126.0,109.04,86.53968253968254
135.0,187.05,138.55555555555557
100.0,105.78,105.78
159.0,152.85,96.1320754716981
393.0,556.16,141.51653944020356
127.0,129.35,101.8503937007874
54.0,54.58,101.07407407407408
101.0,114.86,113.72277227722772
129.0,140.71,109.07751937984497
75.0,79.96,106.61333333333332
167.0,155.99,93.40718562874251
301.0,266.27,88.46179401993355
280.0,298.9,106.74999999999999
135.0,234.87,173.9777777777778
161.0,142.68,88.62111801242236
465.0,392.65,84.44086021505376
83.0,81.62,98.33734939759037
82.0,86.29,105.23170731707319
86.0,88.93,103.40697674418607
180.0,180.69,100.38333333333334
240.0,227.25,94.6875
360.0,332.71,92.41944444444444
99.0,98.46466666666666,99.45925925925924
88.0,94.59,107.48863636363637
187.0,176.72,94.50267379679144
105.0,116.54,110.9904761904762
175.0,161.0,92.0
81.0,87.22,107.679012345679
82.0,80.61,98.30487804878048
85.0,98.89,116.34117647058824
83.0,83.65,100.78313253012048
289.0,319.42,110.52595155709344
164.0,167.35,102.04268292682927
115.0,126.21,109.74782608695652
130.0,121.58,93.52307692307691
235.0,247.17,105.17872340425531
185.0,184.01,99.46486486486485
108.0,98.73,91.41666666666667
96.0,103.92,108.25
92.0,96.56,104.95652173913044
250.0,283.08,113.232
168.0,163.72,97.45238095238096
118.0,121.56,103.01694915254238
97.0,86.97,89.65979381443299
63.0,69.85,110.87301587301586
176.0,181.64,103.20454545454545
148.0,136.79,92.42567567567566
157.0,155.0,98.72611464968153
55.0,66.12,120.21818181818182
81.0,87.59,108.13580246913581
85.0,81.27,95.61176470588235
240.0,246.66,102.77499999999999
155.0,143.13,92.34193548387097
59.0,64.87,109.9491525423729
94.0,106.58,113.38297872340426
124.0,128.35,103.50806451612901
65.0,77.0095,118.47615384615384
282.0,241.9,85.78014184397163
125.0,119.21,95.368
102.0,115.94,113.66666666666667
152.0,151.45,99.63815789473684
149.0,155.99,104.69127516778525
183.0,178.21,97.38251366120218
135.0,120.67,89.3851851851852
200.0,197.26,98.63
106.0,122.87,115.91509433962264
175.0,131.03366666666668,74.87638095238096
130.0,127.2,97.84615384615385
302.0,270.58,89.59602649006622
149.0,140.56,94.33557046979865
80.0,90.04,112.55000000000001
89.0,100.92,113.3932584269663
74.0,95.59,129.17567567567568
115.0,116.72,101.49565217391306
187.0,230.6,123.31550802139037
282.0,316.66,112.29078014184397
140.0,136.55,97.53571428571429
390.0,412.62,105.80000000000001
250.0,297.53,119.01199999999999
101.0,99.84,98.85148514851485
158.0,158.49,100.31012658227849
102.0,109.4,107.25490196078431
169.0,151.84,89.84615384615385
239.0,237.86,99.52301255230125
112.0,124.31,110.99107142857143
110.0,104.05,94.5909090909091
51.0,72.49,142.13725490196077
75.0,115.76,154.34666666666666
101.0,98.01,97.03960396039605
165.0,156.23,94.68484848484849
1339.0,1236.49,92.34428678117999
87.0,87.63,100.72413793103448
199.0,177.18,89.03517587939699
155.0,182.31,117.61935483870968
140.0,133.72,95.51428571428572
188.0,176.73,94.00531914893617
449.0,365.08,81.30957683741647
105.0,119.99,114.27619047619046
92.0,92.67,100.72826086956522
231.0,228.23,98.80086580086581
142.0,131.52,92.61971830985917
125.0,130.06,104.048
178.0,136.78,76.84269662921348
98.0,108.68,110.89795918367346
116.0,101.22,87.25862068965517
90.0,89.24,99.15555555555555
1600.0,1056.94,66.05875
638.0,666.8,104.51410658307209
100.0,110.74,110.74
100.0,101.16,101.16000000000001
251.0,228.03,90.84860557768924
92.0,95.37,103.66304347826087
103.0,104.76,101.70873786407768
196.0,203.45,103.80102040816325
92.0,91.05,98.96739130434781
280.0,281.46,100.52142857142856
83.0,89.05,107.28915662650603
138.0,156.76,113.5942028985507
915.0,659.39,72.06448087431694
400.0,373.47,93.3675
160.0,170.13,106.33124999999998
861.0,948.41,110.15214866434377
95.0,98.14,103.30526315789474
106.0,102.93,97.10377358490567
145.0,131.48,90.6758620689655
140.0,157.64,112.6
112.0,113.74,101.55357142857142
168.0,163.18,97.13095238095238
235.0,255.56,108.74893617021277
94.0,102.65,109.20212765957447
150.0,161.74,107.82666666666667
310.0,290.75,93.79032258064515
134.0,133.51,99.63432835820895
88.0,124.51,141.48863636363637
175.0,173.23,98.98857142857142
72.0,92.56,128.55555555555554
97.0,107.32,110.63917525773195
120.0,122.41,102.00833333333333
174.0,178.12,102.36781609195403
1497.0,1525.03,101.87241148964597
170.0,150.41,88.47647058823529
140.0,120.64,86.17142857142858
296.0,272.53,92.07094594594594
91.0,97.6,107.25274725274726
343.0,356.9,104.05247813411079
131.0,130.35,99.50381679389312
84.0,91.95,109.46428571428572
115.0,110.97,96.49565217391304
298.0,275.59,92.47986577181207
294.0,293.44,99.80952380952381
81.0,89.58,110.5925925925926
101.0,99.89,98.9009900990099
150.0,169.31,112.87333333333333
87.0,92.04,105.79310344827586
90.0,121.46,134.95555555555555
175.0,167.61,95.77714285714286
239.0,239.54,100.22594142259413
92.0,109.91,119.46739130434783
76.0,81.94,107.81578947368419
74.0,75.94,102.62162162162163
232.0,214.15,92.30603448275862
74.0,100.83,136.25675675675674
100.0,105.45,105.45
71500.0,62910.0,87.98601398601399
188.0,166.52,88.57446808510639
387.0,298.09,77.02583979328165
102.0,106.58,104.49019607843138
80.0,77.92,97.39999999999999
98.0,97.9,99.89795918367348
120.0,134.71,112.25833333333335
92.0,91.05,98.96739130434781
100.0,98.25,98.25
495.0,450.6,91.03030303030305
2191.0,1897.09,86.58557736193518
107.0,109.37,102.21495327102804
323.0,308.91,95.63777089783284
173.0,156.45,90.43352601156069
120.0,118.1,98.41666666666666
120.0,131.95,109.95833333333331
110.0,106.72,97.01818181818182
277.0,342.33,123.58483754512635
82.0,86.79,105.84146341463416
120.0,122.1,101.74999999999999
86.0,86.65,100.75581395348838
254.0,230.86,90.88976377952757
77.0,83.29,108.16883116883118
77.0,85.27,110.74025974025975
58.0,68.88,118.75862068965517
74.0,77.82,105.16216216216215
422.0,437.0,103.55450236966826
143.0,133.8,93.56643356643357
65.0,64.838,99.75076923076922
83.0,104.20250000000001,125.54518072289159
104.0,98.62,94.82692307692308
100.0,106.3,106.3
85.0,109.25,128.52941176470588
25.0,46.09,184.36
203.0,243.94,120.16748768472907
113.0,101.77,90.06194690265487
96.0,98.02,102.10416666666666
185.0,226.36,122.35675675675677
88.0,91.76,104.27272727272727
162.0,160.94,99.34567901234568
147.0,140.67,95.6938775510204
147.0,146.69,99.7891156462585
83.0,84.61,101.93975903614458
725.0,873.44,120.4744827586207
74.0,74.36233333333334,100.48963963963963
147.0,145.45,98.9455782312925
238.0,234.1,98.36134453781511
95.0,109.15,114.89473684210527
148.0,150.53,101.70945945945947
116.0,112.16,96.6896551724138
165.0,169.99,103.02424242424244
421.0,397.09,94.3206650831354
96.0,111.07,115.69791666666667
107.0,110.3,103.0841121495327
81.0,81.72,100.8888888888889
202.0,214.86,106.36633663366337
146.0,143.41,98.22602739726027
80.0,83.94,104.925
78.0,79.54,101.97435897435898
144.0,155.42,107.93055555555556
89.0,98.01,110.12359550561798
129.0,131.01,101.55813953488371
200.0,184.11,92.055
130.0,153.88,118.36923076923075
205.0,193.68,94.47804878048781
147.0,147.59,100.40136054421768
122.0,116.47,95.4672131147541
220.0,194.65,88.47727272727272
162.0,164.03,101.25308641975307
140.0,147.94,105.67142857142858
115.0,118.17,102.75652173913043
95.0,101.46,106.79999999999998
64.0,72.55,113.359375
102.0,107.13,105.02941176470588
175.0,173.49,99.13714285714286
416.0,325.23,78.18028846153847
136.0,149.03,109.58088235294116
65.0,73.59,113.21538461538464
246.0,207.63,84.40243902439025
175.0,177.28,101.30285714285714
143.0,132.61,92.73426573426575
93.0,96.16,103.39784946236558
134.0,122.27,91.24626865671641
117.0,115.1,98.37606837606837
23.0,61.4,266.95652173913044
312.0,310.27,99.44551282051282
90.0,96.93,107.70000000000002
127.0,126.17,99.34645669291339
125.0,142.62,114.096
90.0,87.98,97.75555555555556
182.0,157.35,86.45604395604394
115.0,103.14,89.68695652173913
252.0,236.16,93.71428571428572
126.0,121.24,96.22222222222221
130.0,125.26,96.35384615384616
95.0,102.8,108.21052631578947
115.0,114.9,99.91304347826087
243.0,229.67,94.51440329218106
60.0,68.3,113.83333333333331
94.0,123.69,131.58510638297872
143.0,143.9,100.62937062937063
89.0,108.94,122.40449438202248
99.0,108.45,109.54545454545455
430.0,447.02,103.95813953488371
60.0,69.44,115.73333333333333
57.0,59.81,104.92982456140352
143.0,161.74,113.10489510489512
232.0,232.21,100.09051724137932
75.0,76.23,101.64
483.0,382.25,79.1407867494824
270.0,251.23,93.04814814814814
115.0,120.28,104.59130434782608
70.0,68.8,98.28571428571428
100.0,103.68,103.68000000000002
126.0,138.23,109.7063492063492
174.0,175.54,100.88505747126437
52.0,51.88,99.76923076923077
158.0,150.62,95.32911392405063
41.0,43.97,107.2439024390244
93.0,97.81,105.17204301075269
115.0,108.57,94.4086956521739
159.0,182.2,114.59119496855345
223.0,197.58,88.60089686098655
97.0,101.14666666666668,104.27491408934708
143.0,165.29,115.58741258741259
243.0,310.58,127.81069958847735
79.0,81.17,102.74683544303798
95.0,104.49,109.98947368421052
170.0,180.41,106.12352941176471
82.0,83.47,101.79268292682926
275.0,315.05,114.56363636363638
4246.0,4486.06,105.65379180405088
488.0,504.36,103.35245901639345
100.0,97.16,97.16
175.0,156.86,89.63428571428572
220.0,198.68,90.30909090909091
128.0,113.25,88.4765625
96.0,96.8,100.83333333333333
130.0,129.01,99.23846153846154
97.0,100.61,103.72164948453609
125.0,120.77,96.616
119.0,151.39,127.21848739495798
84.0,89.79,106.89285714285714
109200.0,86493.0,79.20604395604396
108.0,99.34,91.98148148148148
80.0,82.73,103.4125
122.0,127.67,104.64754098360656
88.0,94.29433333333334,107.15265151515152
173.0,172.46,99.6878612716763
163.0,205.73,126.21472392638036
141.0,132.85,94.21985815602837
103.0,109.24,106.05825242718446
150.0,160.87,107.24666666666667
137.0,149.62,109.2116788321168
1463.0,2734.44,186.90635680109364
1000.0,996.47,99.647
125.0,113.33,90.664
150.0,134.01,89.34
145.0,139.11,95.93793103448277
67.0,73.57,109.80597014925372
83.0,90.92,109.54216867469879
94.0,104.23,110.88297872340426
51.0,64.65,126.76470588235296
123.0,117.48,95.51219512195122
138.0,138.44,100.31884057971014
78.0,86.79,111.26923076923079
176.0,165.13,93.82386363636364
114.0,108.19,94.90350877192982
105.0,129.13,122.98095238095237
105.0,109.12,103.92380952380952
87.0,101.17,116.28735632183908
652.0,737.17,113.06288343558282
184.0,224.2,121.84782608695653
103.0,109.32,106.13592233009707
91.0,92.44,101.58241758241758
449.0,478.31,106.52783964365256
201.0,167.49,83.32835820895524
170.0,189.77,111.62941176470589
190.0,173.98,91.56842105263158
250.0,228.73,91.49199999999999
84.0,86.03,102.41666666666667
80.0,89.53,111.9125
190.0,165.03,86.8578947368421
465.0,439.74,94.56774193548387
99.0,104.26,105.31313131313131
80.0,101.14,126.42500000000001
150.0,173.81,115.87333333333333
82.0,104.4,127.3170731707317
76.0,96.68,127.21052631578948
346.0,375.14,108.42196531791907
96.0,109.11,113.65624999999999
167.0,157.76,94.46706586826346
144.0,158.54,110.09722222222223
96.0,98.88,103.0
118.0,150.75,127.7542372881356
123.0,134.31,109.19512195121952
15000.0,14843.5,98.95666666666668
145.0,171.43,118.22758620689655
104.0,113.62,109.25
112.0,116.0,103.57142857142858
83.0,97.33,117.26506024096386
182.0,177.22,97.37362637362638
109.0,104.57,95.93577981651376
160.0,136.8,85.50000000000001
323.0,260.18,80.55108359133128
151.0,155.07,102.69536423841059
259.0,304.67,117.63320463320464
122.0,114.07,93.5
529.0,535.57,101.24196597353499
231.0,217.22,94.03463203463204
104.0,104.58,100.55769230769232
115.0,112.81,98.09565217391305
343.0,316.19,92.18367346938776
106.0,106.78,100.73584905660378
85.0,94.25,110.88235294117648
136.0,174.98,128.66176470588235
134.0,122.56,91.46268656716417
145.0,138.55,95.55172413793103
116.0,113.25,97.62931034482759
154.0,152.62,99.1038961038961
161.0,173.6,107.82608695652173
108.0,96.115,88.99537037037037
86.0,103.79,120.68604651162791
141.0,132.26,93.80141843971631
77.0,86.63,112.50649350649351
107.0,102.44,95.73831775700934
130.0,135.34,104.1076923076923
125.0,150.21,120.168
83.0,87.26,105.13253012048193
85.0,86.81,102.12941176470589
195.0,183.86,94.2871794871795
122.0,113.74,93.22950819672131
88.0,93.23,105.94318181818183
96.0,87.39,91.03125
80.0,84.85,106.0625
104.0,115.34,110.90384615384616
1064.0,923.0,86.74812030075188
81.0,90.67,111.93827160493828
104.0,99.45,95.625
202.0,244.77,121.17326732673268
56.0,65.46750000000002,116.90625000000003
140.0,132.42,94.58571428571427
146.0,152.21,104.25342465753424
81.0,83.17,102.67901234567903
63.0,65.61,104.14285714285714
85.0,83.33,98.03529411764706
101.0,107.56,106.4950495049505
335.0,359.92,107.43880597014925
160.0,166.15,103.84375000000001
103.0,98.13,95.27184466019418
84.0,94.83,112.89285714285715
117.0,117.51,100.43589743589745
180.0,162.41,90.22777777777777
275.0,219.37749999999997,79.77363636363636
488.0,480.75,98.51434426229508
124.0,112.96,91.09677419354838
206.0,188.18,91.34951456310681
103.0,104.86,101.80582524271844
182.0,196.02,107.7032967032967
142.0,153.05,107.78169014084509
74.0,92.36,124.8108108108108
143.0,157.17,109.90909090909089
987.0,1058.05,107.19858156028369
129.0,119.95,92.98449612403101
85.0,86.79,102.10588235294118
129.0,127.63,98.93798449612403
199.0,195.65,98.31658291457288
110.0,109.39,99.44545454545455
107.0,111.16,103.88785046728972
317.0,284.55,89.76340694006309
190.0,167.54,88.17894736842105
98.0,100.84,102.89795918367348
157.0,160.16,102.0127388535032
165.0,193.83,117.47272727272728
82.0,76.48,93.26829268292684
138.0,132.67,96.13768115942028
261.0,234.23,89.74329501915709
81.0,83.31,102.85185185185186
108.0,110.42,102.24074074074075
88.0,86.59,98.39772727272728
104.0,96.07,92.375
84.0,80.86,96.26190476190476
130.0,122.74,94.41538461538461
74.0,79.43,107.33783783783785
156.0,167.57,107.41666666666667
115.0,118.71,103.22608695652174
90.0,104.3,115.88888888888889
85.0,98.47,115.84705882352941
40.0,56.22,140.55
326.0,286.76,87.96319018404908
155.0,152.28,98.24516129032259
136.0,123.21,90.59558823529412
78.0,79.18,101.51282051282051
97.0,92.66,95.52577319587628
195.0,170.07,87.21538461538462
187.0,169.86,90.83422459893049
105.0,103.45,98.52380952380952
296.0,293.29,99.08445945945947
219.0,194.46,88.79452054794521
208.0,224.45,107.90865384615384
189.0,169.38,89.61904761904762
119.0,113.29,95.20168067226892
92.0,100.5,109.23913043478262
100.0,102.02,102.02
147.0,133.22,90.62585034013605
110.0,131.74,119.76363636363637
110.0,113.63,103.3
94.0,89.12,94.80851063829789
75.0,75.11,100.14666666666668
130.0,160.5,123.46153846153847
456.0,461.29,101.16008771929825
102.0,110.8,108.62745098039215
278.0,264.17,95.02517985611512
152.0,119.89,78.875
129.0,123.03,95.37209302325581
91.0,94.04,103.34065934065934
144.0,149.03,103.49305555555554
90.0,95.98,106.64444444444445
169.0,170.32,100.78106508875739
99.0,96.65,97.62626262626263
99.0,102.44,103.47474747474747
415.0,425.54,102.53975903614459
165.0,157.04,95.17575757575757
115.0,115.43,100.37391304347827
149.0,143.94,96.60402684563758
75.0,102.74,136.98666666666665
480.0,398.82,83.0875
80.0,83.34,104.175
211.0,191.28,90.65402843601896
178.0,174.88,98.24719101123596
147.0,141.91,96.53741496598639
102.0,106.69,104.59803921568627
122.0,122.18,100.14754098360656
157.0,145.91,92.93630573248407
92.0,97.16,105.6086956521739
120.0,114.74,95.61666666666666
111.0,149.89,135.03603603603602
110.0,93.29,84.80909090909091
72.0,75.26,104.52777777777777
132.0,129.87,98.38636363636364
352.0,356.95,101.40624999999999
96.0,91.18,94.97916666666667
140.0,138.3,98.7857142857143
428.0,402.9,94.13551401869158
315.0,325.44,103.31428571428572
103.0,116.39,113.00000000000001
141.0,143.68,101.90070921985817
78.0,84.57,108.4230769230769
75.0,72.2,96.26666666666667
203.0,214.65,105.73891625615764
51.0,102.69,201.3529411764706
113.0,112.7,99.7345132743363
154.0,169.57,110.11038961038962
255.0,247.5,97.05882352941177
114.0,104.78,91.91228070175438
94.0,91.99,97.86170212765957
100.0,109.02,109.02000000000001
128.0,110.96666666666668,86.69270833333334
104.0,107.05,102.9326923076923
164.0,155.77,94.98170731707317
419.0,438.72,104.70644391408115
98.0,116.23,118.60204081632652
95.0,103.67,109.1263157894737
240.0,224.24,93.43333333333334
100.0,90.72,90.72
60.0,66.95,111.58333333333334
312.0,287.2,92.05128205128204
150.0,160.2,106.79999999999998
88.0,91.39,103.85227272727273
94.0,95.15,101.22340425531915
250.0,244.77,97.908
129.0,120.75,93.6046511627907
138.0,169.96,123.15942028985506
72.0,74.98,104.13888888888889
196.0,184.41,94.08673469387755
127.0,128.06,100.83464566929135
135.0,138.14,102.32592592592592
114.0,114.68,100.59649122807018
45.0,67.63,150.28888888888886
89.0,101.3,113.82022471910112
135.0,125.12,92.68148148148148
50.0,58.17,116.34
134.0,125.96,94.0
772.0,665.67,86.22668393782384
166.0,145.7,87.7710843373494
405.0,396.72,97.95555555555556
191.0,174.44,91.32984293193716
153.0,171.15,111.86274509803921
276.0,274.85,99.58333333333334
68.0,76.26,112.14705882352942
127.0,133.57,105.17322834645668
80.0,92.33166666666666,115.41458333333333
56.0,61.62,110.03571428571428
192.0,209.86,109.30208333333333
121.0,111.75,92.35537190082644
120.0,106.285,88.57083333333333
198.0,202.11,102.07575757575758
143.0,147.72,103.30069930069929
394.0,380.4,96.5482233502538
185.0,166.46,89.97837837837838
120.0,115.54,96.28333333333335
203.0,251.05,123.66995073891627
104.0,96.03,92.33653846153847
46.0,67.47,146.67391304347825
135.0,149.03,110.39259259259259
157.0,156.28,99.54140127388536
1080.0,920.42,85.22407407407407
284.0,252.59,88.94014084507043
314.0,290.0,92.35668789808918
100.0,99.3,99.3
122.0,123.5,101.22950819672131
84.0,84.69,100.82142857142857
64.0,72.24,112.87499999999999
92.0,98.92,107.5217391304348
176.0,177.29,100.73295454545455
315.0,270.47,85.86349206349207
125.0,136.3,109.04
51.0,59.36,116.39215686274508
153.0,147.74,96.56209150326798
110.0,120.46,109.50909090909092
206.0,196.63,95.4514563106796
120.0,113.67,94.72500000000001
268.0,291.45,108.74999999999999
128.0,136.49,106.6328125
142.0,139.67,98.35915492957746
120.0,116.16,96.8
121.0,117.79,97.34710743801654
64.0,86.14,134.59375
81.0,93.37,115.27160493827162
99.0,102.16,103.1919191919192
512.0,434.03,84.771484375
169.0,162.71,96.27810650887575
149.0,138.17,92.73154362416106
85.0,95.31,112.12941176470588
223.0,207.36,92.98654708520179
71.0,72.5,102.11267605633803
218.0,224.47,102.96788990825686
123.0,125.49,102.02439024390245
121.0,115.78,95.68595041322314
193.0,181.17,93.87046632124351
228.0,175.99,77.18859649122808
170.0,181.55,106.79411764705884
40.0,57.95,144.875
510.0,494.61,96.98235294117647
293.0,330.36,112.75085324232082
135.0,137.06,101.52592592592593
200.0,186.2,93.1
91.0,88.35,97.08791208791209
225.0,207.68,92.30222222222223
83.0,83.32,100.38554216867468
150.0,149.74,99.82666666666667
260.0,248.77,95.68076923076923
220.0,275.67,125.30454545454546
93.0,98.46,105.87096774193547
91.0,99.26,109.0769230769231
111.0,114.57,103.21621621621621
215.0,204.69,95.2046511627907
410.0,446.69,108.94878048780487
199.0,186.67,93.8040201005025
28900.0,28834.0,99.77162629757785
110.0,91.97409523809523,83.61281385281384
111.0,100.71,90.72972972972973
74.0,91.47,123.60810810810811
355.0,298.42,84.06197183098591
97.0,101.76333333333334,104.9106529209622
145.0,140.58,96.95172413793104
171.0,166.85,97.57309941520468
135.0,149.41,110.67407407407408
25.0,62.53,250.11999999999998
270.0,256.03,94.82592592592592
124.0,124.7,100.56451612903226
357.0,500.52,140.2016806722689
78.0,84.65,108.52564102564104
167.0,156.1,93.47305389221556
144.0,142.89,99.22916666666666
141.0,117.17,83.09929078014184
150.0,152.36,101.57333333333334
195.0,206.39,105.84102564102564
168.0,198.19,117.9702380952381
320.0,285.83,89.32187499999999
79.0,91.55,115.88607594936708
80.0,78.24,97.8
121.0,117.93,97.46280991735537
144.0,146.75,101.90972222222223
109.0,107.58,98.69724770642202
447.0,426.83,95.48769574944072
82.0,91.568,111.66829268292682
215.0,184.37,85.75348837209302
94.0,100.77,107.20212765957446
95.0,102.77,108.17894736842103
144.0,150.44,104.47222222222221
228.0,221.02,96.93859649122808
764.0,742.88,97.23560209424083
224.0,199.17,88.91517857142857
131.0,131.19,100.14503816793894
40.0,56.62,141.55
100.0,124.615,124.61499999999998
130.0,163.07,125.43846153846154
167.0,144.34,86.4311377245509
68.0,75.12,110.47058823529412
284.0,332.32,117.01408450704224
78.0,81.256,104.17435897435898
100.0,97.76,97.76
139.0,151.44,108.9496402877698
102.0,122.87,120.46078431372548
101.0,94.85,93.9108910891089
10000.0,10701.28,107.0128
511.0,463.62,90.7279843444227
220.0,179.2,81.45454545454544
149.0,147.3,98.85906040268458
114.0,113.27,99.35964912280701
449.0,421.41,93.8552338530067
46.0,55.86,121.43478260869564
325.0,385.34,118.56615384615384
124.0,129.87,104.73387096774194
196.0,196.0,100.0
151.0,138.74,91.88079470198676
79.0,79.51,100.64556962025317
115.0,110.2,95.82608695652173
114.0,125.13,109.76315789473684
275.0,289.02,105.0981818181818
241.0,219.48,91.07053941908714
101.0,102.99,101.97029702970298
542.0,468.34,86.40959409594096
136.0,131.18,96.45588235294117
225.0,222.88,99.05777777777777
146.0,142.32,97.4794520547945
142.0,147.77,104.06338028169016
134.0,128.23,95.69402985074626
69.0,94.24,136.57971014492753
93.0,93.6,100.64516129032258
50.0,59.77,119.54
136.0,140.49,103.3014705882353
299.0,267.9,89.59866220735785
1016.0,900.16,88.5984251968504
123.0,122.18,99.33333333333334
157.0,145.35,92.5796178343949
540.0,402.68,74.57037037037037
81.0,72.97,90.08641975308642
137.0,141.11,103.0
96.0,114.61,119.38541666666667
109.0,116.81,107.1651376146789
176.0,162.92,92.56818181818181
109.0,111.96,102.71559633027523
268.0,239.48,89.35820895522387
60.0,74.1,123.49999999999999
140.0,147.34,105.24285714285715
132.0,132.04,100.03030303030303
160.0,171.83,107.39375
110.0,113.2,102.9090909090909
84.0,89.78,106.8809523809524
1950.0,1784.28,91.50153846153846
66.0,70.94,107.48484848484847
184.0,188.28,102.32608695652175
92.0,131.59,143.0326086956522
78.0,83.49,107.03846153846153
110.0,112.28,102.07272727272726
132.0,131.06,99.2878787878788
85.0,123.97,145.8470588235294
100.0,116.44,116.43999999999998
115.0,109.15,94.91304347826087
71.0,73.86,104.02816901408451
135.0,127.14,94.17777777777778
412.0,403.65,97.97330097087378
191.0,205.35,107.5130890052356
81.0,80.96,99.9506172839506
120.0,111.38,92.81666666666666
164.0,161.46,98.45121951219514
82.0,81.59,99.5
116.0,118.73,102.35344827586208
84.0,80.38,95.69047619047618
120.0,148.86,124.05000000000001
99.0,109.57,110.67676767676767
75.0,75.0,100.0
96.0,96.08,100.08333333333333
147.0,137.05,93.2312925170068
146.0,144.26,98.8082191780822
215.0,243.56,113.28372093023256
94.0,104.4,111.06382978723406
65.0,72.56,111.63076923076925
416.0,376.8,90.57692307692308
100.0,87.89,87.89
101.0,102.73,101.71287128712872
121.0,132.39,109.41322314049586
130.0,125.26,96.35384615384616
64.0,76.59,119.671875
116.0,122.17,105.31896551724138
150.0,136.43,90.95333333333335
207.0,190.62,92.08695652173913
76.0,72.54,95.44736842105263
90.0,95.78,106.42222222222222
123.0,127.03,103.27642276422763
60.0,57.8,96.33333333333333
138.0,214.12,155.15942028985506
124.0,117.44666666666667,94.71505376344086
155.0,157.19,101.41290322580645
118.0,108.71,92.12711864406779
391.0,517.77,132.42199488491048
84.0,86.85,103.39285714285712
204.0,198.51,97.30882352941175
141.0,144.66,102.59574468085107
107.0,105.03,98.1588785046729
120.0,127.57,106.30833333333334
140.0,139.93,99.95
267.0,248.69,93.14232209737827
149.0,147.72,99.14093959731544
121.0,117.59,97.18181818181819
196.0,295.28,150.6530612244898
109.0,111.03,101.86238532110093
158.0,139.95,88.5759493670886
117.0,114.23,97.63247863247864
145.0,138.22,95.32413793103449
229.0,224.94,98.22707423580785
101.0,109.22,108.13861386138615
99.0,97.66,98.64646464646464
70.0,97.89,139.84285714285713
116.0,105.71,91.12931034482759
135.0,146.53,108.54074074074074
84.0,97.23,115.75
200.0,185.88,92.94
155.0,138.91,89.61935483870967
93.0,95.19,102.35483870967741
95.0,109.53,115.29473684210527
100.0,105.695,105.69499999999998
94.0,87.3,92.8723404255319
255.0,271.17,106.34117647058825
147.0,126.48,86.04081632653062
92.0,96.2,104.56521739130436
670.0,1273.01,190.00149253731342
115.0,115.63,100.54782608695652
412.0,432.95,105.08495145631068
92.0,98.62,107.19565217391305
139.0,126.95,91.33093525179856
50.0,67.49,134.98
80.0,87.99,109.9875
183.0,167.19,91.36065573770492
113.0,118.5,104.86725663716814
95.0,94.7,99.6842105263158
132.0,140.91,106.74999999999999
96.0,103.41,107.71875
78.0,85.95,110.19230769230771
266.0,286.38,107.66165413533835
114.0,131.22,115.10526315789474
156.0,151.47,97.09615384615384
316.0,260.48,82.43037974683544
166.0,139.24,83.87951807228916
300.0,262.0,87.33333333333333
155.0,182.27,117.59354838709679
82.0,88.27,107.64634146341463
220.0,262.99,119.54090909090908
119.0,112.81,94.7983193277311
108.0,97.01,89.82407407407408
139.0,139.74,100.53237410071942
414.0,564.37,136.32125603864736
139.0,166.52,119.79856115107914
107.0,108.77,101.65420560747663
184.0,218.57,118.78804347826086
79.0,96.31,121.9113924050633
280.0,336.91,120.32500000000002
60.0,69.05,115.08333333333334
84.0,88.08,104.85714285714285
118.0,121.06,102.59322033898306
59.0,62.53,105.98305084745763
101.0,99.55,98.56435643564356
209.0,180.27,86.25358851674642
171.0,165.75,96.9298245614035
147.0,163.69,111.35374149659864
350.0,510.08,145.73714285714286
129.0,120.21,93.18604651162791
59.0,59.25,100.42372881355932
135.0,154.61,114.52592592592595
141.0,141.15,100.1063829787234
113.0,121.49,107.51327433628317
125.0,140.41,112.328
91.0,93.86,103.14285714285714
118.0,119.77,101.49999999999999
115.0,115.8,100.69565217391303
161.0,154.49,95.95652173913044
98.0,103.79,105.90816326530611
196.0,183.17,93.45408163265306
71.0,73.9,104.08450704225353
154.0,154.95,100.6168831168831
227.0,210.73,92.83259911894272
129.0,115.38,89.44186046511628
149.0,163.08,109.44966442953022
114.0,110.09,96.5701754385965
183.0,211.29,115.45901639344262
140.0,139.69,99.77857142857142
99.0,103.47,104.51515151515152
88.0,84.36,95.86363636363636
158.0,162.03,102.55063291139241
87.0,89.5,102.87356321839081
122.0,122.54,100.44262295081967
89.0,104.96,117.93258426966291
157.0,145.76,92.8407643312102
128.0,153.84,120.1875
138.0,137.49,99.6304347826087
87.0,86.47,99.39080459770115
105.0,118.27,112.63809523809523
99.0,95.95666666666668,96.92592592592594
399.0,355.82,89.17794486215539
75.0,81.51,108.67999999999999
150.0,211.01,140.67333333333332
49.0,54.79,111.81632653061224
27100.0,28405.0,104.81549815498154
110.0,108.09,98.26363636363637
383.0,319.18,83.33681462140993
104.0,108.17,104.0096153846154
100.0,112.66,112.66000000000001
90.0,97.84,108.71111111111111
189.0,189.07,100.03703703703704
287.0,295.04,102.80139372822302
110.0,102.21,92.91818181818181
199.0,244.9,123.06532663316582
156.0,187.33,120.08333333333334
143.0,128.9,90.13986013986013
674.0,703.61,104.39317507418397
98.0,96.87,98.84693877551021
75.0,80.32666666666665,107.10222222222221
150.0,147.75,98.5
399.0,336.14,84.24561403508771
93.0,90.83,97.66666666666667
175.0,175.19,100.10857142857144
159.0,150.59,94.71069182389937
149.0,157.07,105.41610738255034
128.0,122.79,95.9296875
412.0,368.78,89.50970873786407
280.0,306.34,109.40714285714286
130.0,134.81,103.69999999999999
100.0,99.36,99.36
210.0,217.32,103.4857142857143
100.0,106.9,106.89999999999999
127.0,132.54,104.36220472440945
38.0,40.33,106.13157894736842
85.0,87.49,102.92941176470588
102.0,150.64,147.68627450980392
142.0,143.74,101.22535211267606
110.0,115.1,104.63636363636364
288.0,319.49,110.93402777777779
187.0,202.81,108.45454545454545
200.0,190.8,95.4
92.0,93.16,101.26086956521738
127.0,124.05,97.67716535433071
80.0,104.18,130.22500000000002
170.0,159.596,93.88
380.0,359.65,94.64473684210526
128.0,118.92,92.90625
90.0,88.66,98.5111111111111
195.0,189.13,96.98974358974358
115.0,109.72,95.40869565217392
128.0,116.0,90.625
154.0,139.04,90.28571428571428
115.0,124.18,107.98260869565217
141.0,149.58,106.08510638297872
201.0,203.21,101.09950248756219
529.0,476.34,90.0453686200378
113.0,123.54,109.32743362831859
182.0,175.02,96.16483516483517
140.0,140.85,100.60714285714285
98.0,106.04,108.20408163265307
173.0,152.52,88.16184971098266
75.0,80.86,107.81333333333333
81.0,86.94,107.33333333333333
384.0,331.22,86.25520833333334
141.0,144.22,102.28368794326241
107.0,134.76,125.94392523364486
95.0,112.56,118.48421052631579
775.0,756.41,97.60129032258064
1142.0,955.76,83.69176882661996
100.0,102.37,102.37
196.0,203.65,103.9030612244898
138.0,126.43,91.61594202898551
276.0,228.79,82.89492753623188
103.0,105.98,102.89320388349515
200.0,195.57,97.785
198.0,203.74,102.89898989898991
100.0,100.93,100.93
175.0,174.79,99.88
117.0,115.74,98.92307692307692
87.0,90.51,104.03448275862071
230.0,231.24,100.53913043478262
105.0,105.63,100.6
181.0,177.52,98.07734806629836
267.0,261.07,97.77902621722846
122.0,195.51,160.25409836065575
109.0,99.25,91.05504587155964
84.0,91.9,109.40476190476191
95.0,92.59,97.46315789473684
5943.0,5125.43,86.24314319367323
108.0,104.97,97.19444444444444
99.0,97.22,98.20202020202021
64.0,71.68,112.00000000000001
88.0,90.48,102.81818181818183
89.0,98.41,110.57303370786515
86.0,87.39,101.61627906976744
125.0,127.7,102.16000000000001
110.0,119.49,108.62727272727273
129.0,118.42,91.7984496124031
299.0,250.76,83.86622073578594
184.0,156.78,85.20652173913044
106.0,114.39,107.91509433962266
101.0,111.78,110.67326732673268
123.0,119.19,96.90243902439025
155.0,191.1,123.29032258064517
80.0,95.04,118.80000000000001
88.0,80.63,91.62499999999999
244.0,243.8,99.91803278688525
154.0,150.99,98.04545454545455
141.0,146.38,103.81560283687944
93.0,86.87,93.40860215053763
450.0,376.64,83.69777777777777
164.0,190.27,116.01829268292683
2150.0,2161.59,100.53906976744187
75.0,96.52,128.69333333333333
69.0,103.83,150.47826086956522
137.0,145.27,106.03649635036496
131.0,122.78,93.72519083969466
209.0,184.84,88.4401913875598
170.0,177.16,104.21176470588236
70.0,71.49,102.12857142857142
65.0,74.32,114.33846153846152
134.0,127.27,94.9776119402985
59.0,67.97,115.20338983050846
75.0,88.07,117.42666666666666
104.0,103.89,99.89423076923077
119.0,120.37,101.15126050420169
1482.0,1229.03,82.93049932523616
100.0,107.49,107.49
119.0,99.33,83.47058823529412
125.0,118.86,95.088
145.0,138.19,95.30344827586207
222.0,180.6163571428571,81.35871943371941
337.0,339.45,100.72700296735904
403.0,369.8,91.76178660049628
137.0,115.54,84.33576642335767
163.0,163.53,100.32515337423314
141.0,129.42,91.78723404255318
141.0,149.97,106.36170212765957
162.0,138.17,85.29012345679011
160.0,153.13,95.70625
97.0,92.07,94.91752577319586
125.0,138.65,110.92
133.0,140.99,106.00751879699249
122.0,112.39,92.12295081967213
183.0,189.3,103.44262295081967
136.0,125.52,92.29411764705881
1145.0,1639.33,143.17292576419214
74.0,86.74,117.21621621621621
112.0,102.01,91.08035714285715
80.0,85.47,106.8375
200.0,189.14,94.57
115.0,130.06,113.09565217391304
89.0,97.49,109.53932584269663
188.0,176.18,93.7127659574468
155.0,167.81,108.26451612903224
915.0,1542.84,168.61639344262295
118.0,114.84,97.32203389830508
156.0,150.94,96.75641025641025
114.0,120.82,105.98245614035086
78.0,80.61,103.34615384615384
65.0,68.86,105.93846153846154
97.0,96.0,98.96907216494846
505.0,532.57,105.45940594059407
200.0,183.61,91.805
122.0,136.43,111.827868852459
190.0,183.21,96.42631578947369
125.0,117.01,93.608
125.0,125.3,100.24
146.0,176.49,120.88356164383562
135.0,124.25,92.03703703703704
70.0,82.3,117.57142857142857
91.0,96.85,106.42857142857143
219.0,215.23,98.27853881278538
138.0,162.58,117.81159420289855
109.0,116.63,107.0
120.0,118.34,98.61666666666667
75.0,84.43,112.57333333333335
95.0,101.27,106.60000000000001
196.0,185.02,94.39795918367348
125.0,168.71,134.968
134.0,134.82,100.61194029850746
98.0,100.81,102.86734693877551
90.0,93.74,104.15555555555555
92.0,94.21,102.40217391304347
125.0,116.27,93.016
115.0,114.64,99.68695652173913
37.0,44.24,119.56756756756756
274.0,267.95,97.7919708029197
218.0,219.04,100.47706422018348
289.0,276.1,95.53633217993081
78.0,118.95,152.5
97.0,113.14,116.63917525773195
174.0,203.87,117.16666666666666
122.0,139.15666666666667,114.06284153005464
182.0,191.1,105.0
273.0,255.85,93.71794871794872
1069.0,1249.35,116.87090739008418
202.0,209.18,103.55445544554456
123.0,118.95,96.70731707317073
69.0,82.68,119.82608695652175
68.0,75.43,110.9264705882353
256.0,271.7,106.1328125
198.0,209.57,105.84343434343435
309.0,274.77,88.92233009708738
111.0,106.08,95.56756756756756
80.0,81.97,102.46249999999999
770.0,866.23,112.4974025974026
131.0,139.59,106.55725190839695
79.0,87.5,110.75949367088607
87.0,87.99,101.13793103448275
100.0,106.05,106.05
324.0,350.92,108.30864197530865
192.0,220.88,115.04166666666666
150.0,173.15,115.43333333333334
67.0,76.79,114.61194029850748
194.0,221.88,114.37113402061856
110.0,101.86,92.60000000000001
92.0,91.33,99.27173913043478
59.0,83.43,141.40677966101697
70.0,93.67,133.81428571428572
162.0,197.37,121.83333333333333
81.0,85.81,105.93827160493828
92.0,82.64,89.82608695652175
119.0,136.98,115.10924369747899
233.0,270.59,116.13304721030042
78.0,86.49,110.88461538461539
110.0,124.4,113.0909090909091
104.0,100.51,96.64423076923077
111.0,104.71,94.33333333333333
389.0,478.52,123.01285347043702
200.0,164.28,82.14
76.0,85.19,112.09210526315789
338.0,379.86,112.38461538461539
3749.0,4519.76,120.55908242197918
150.0,178.09,118.72666666666667
63.0,64.27,102.015873015873
547.0,422.82,77.2979890310786
88.0,97.08,110.31818181818183
275.0,254.95,92.7090909090909
510.0,504.89,98.99803921568628
113.0,108.91,96.38053097345133
250.0,219.09,87.636
87.0,87.15,100.17241379310346
104.0,116.31,111.83653846153847
240.0,218.0,90.83333333333333
252.0,234.04,92.87301587301587
180.0,223.88,124.37777777777777
121.0,111.41,92.07438016528926
60.0,61.52,102.53333333333335
221.0,213.75,96.71945701357465
93.0,87.92,94.53763440860216
47.0,63.51,135.12765957446808
322.0,307.09,95.3695652173913
130.0,150.21,115.54615384615386
140.0,126.12,90.08571428571429
118.0,123.58,104.72881355932205
112.0,123.34,110.125
597.0,595.09,99.68006700167504
122.0,121.34,99.45901639344262
130.0,126.36,97.2
235.0,229.7,97.74468085106382
290.0,239.11,82.45172413793104
203.0,229.64,113.1231527093596
250.0,224.13,89.652
89.0,91.48,102.78651685393258
109.0,110.26,101.1559633027523
1339.0,1377.45,102.87154592979837
91.0,94.9,104.28571428571429
133.0,138.42,104.07518796992481
141.0,123.85,87.8368794326241
122.0,118.33,96.99180327868852
220.0,229.64,104.38181818181818
23.0,31.96,138.95652173913044
220.0,246.26,111.93636363636364
214.0,186.95,87.35981308411215
400.0,339.92,84.98
458.0,392.51,85.70087336244542
68.0,73.3,107.79411764705881
104.0,99.29899999999999,95.47980769230769
148.0,167.52,113.1891891891892
86.0,115.0,133.72093023255815
80.0,82.06,102.57499999999999
459.0,427.89,93.22222222222221
180.0,160.92,89.39999999999999
151.0,140.75,93.21192052980133
119.0,130.13,109.35294117647058
112.0,117.12,104.57142857142858
170.0,172.24,101.31764705882354
224.0,236.31,105.49553571428572
66.0,109.56,166.0
112.0,107.46,95.94642857142857
209.0,206.55,98.82775119617226
143.0,151.49,105.93706293706295
113.0,110.13,97.46017699115043
189.0,205.7,108.83597883597882
536.0,558.82,104.25746268656717
153.0,154.32,100.86274509803921
85.0,83.41,98.12941176470588
48.0,60.75,126.5625
312.0,296.45,95.01602564102564
78.0,84.85,108.78205128205127
127.0,133.35,105.0
147.0,148.23,100.83673469387755
230.0,192.88,83.86086956521739
77.0,66.25,86.03896103896103
278.0,242.04,87.06474820143885
78.0,91.06,116.74358974358974
118.0,123.32,104.50847457627117
87.0,114.1,131.1494252873563
94.0,91.58,97.42553191489361
106.0,118.13,111.44339622641508
138.0,140.69,101.94927536231884
99.0,95.54,96.50505050505052
65.0,71.69,110.29230769230769
311.0,366.25,117.7652733118971
88.0,91.87,104.39772727272727
1362.0,1270.85,93.30763582966225
64.0,65.67,102.609375
88.0,93.47,106.2159090909091
159.0,158.48,99.67295597484276
473.0,438.98,92.8076109936575
250.0,269.63,107.85199999999999
105.0,108.55,103.38095238095238
128.0,126.83,99.0859375
285.0,289.15,101.45614035087718
359.0,347.7,96.85236768802228
213.0,226.39,106.28638497652581
102.0,101.49,99.5
26400.0,29513.0,111.79166666666667
151.0,152.74,101.15231788079471
100.0,126.50666666666665,126.50666666666666
145.0,136.23,93.95172413793102
161.0,161.37,100.22981366459626
195.0,197.36,101.21025641025642
103.0,109.87,106.66990291262137
980.0,834.75,85.17857142857143
275.0,235.47,85.62545454545455
101.0,118.97,117.79207920792078
141.0,135.05,95.78014184397165
348.0,365.98,105.16666666666667
137.0,138.19,100.86861313868613
93.0,88.52,95.18279569892472
74.0,84.3,113.91891891891892
170.0,163.42,96.12941176470588
256.0,258.2,100.859375
75.0,94.21,125.61333333333333
129.0,134.71,104.42635658914729
106.0,99.96,94.30188679245283
79.0,76.4,96.70886075949367
101.0,102.63,101.61386138613861
87.0,103.49,118.95402298850574
75.0,88.56,118.08000000000001
234.0,281.64,120.35897435897436
93.0,90.7,97.52688172043011
108.0,106.1,98.24074074074073
83.0,83.49,100.59036144578313
117.0,110.67,94.58974358974359
225.0,233.68,103.85777777777778
40.0,48.5,121.24999999999999
114.0,115.07,100.93859649122807
103.0,99.25,96.35922330097088
120.0,106.35,88.625
114.0,122.03,107.04385964912282
60.0,66.72,111.19999999999999
233.0,243.29,104.41630901287553
85.0,80.12,94.25882352941177
125.0,172.64,138.112
118.0,118.82,100.69491525423729
224.0,219.47,97.97767857142857
513.0,528.69,103.05847953216376
156.0,159.17,102.03205128205128
80.0,79.65,99.56250000000001
42300.0,61219.0,144.72576832151302
60.0,59.13,98.55000000000001
97.0,103.04,106.22680412371135
100.0,97.82,97.82
774.0,735.73,95.05555555555556
129.0,135.40738095238095,104.96696197858988
109.0,107.08,98.23853211009174
250.0,230.68,92.27199999999999
220.0,219.11,99.59545454545456
323.0,266.87,82.62229102167183
119.0,117.68,98.89075630252101
119.0,117.79,98.98319327731093
141.0,136.2,96.59574468085106
118.0,111.79,94.73728813559322
137.0,178.51,130.2992700729927
161.0,166.54,103.44099378881988
74.0,76.61,103.52702702702703
101.0,106.76,105.70297029702971
143.0,142.43,99.6013986013986
167.0,166.98,99.9880239520958
164.0,150.43,91.72560975609757
126.0,122.02,96.84126984126983
95.0,97.66,102.8
133.0,130.18,97.87969924812032
330.0,314.53,95.3121212121212
153.0,139.82,91.38562091503267
339.0,380.86,112.34808259587021
89.0,93.0,104.49438202247192
294.0,256.52,87.25170068027211
48.0,50.84883333333333,105.93506944444444
70.0,100.36,143.37142857142857
260.0,354.37,136.29615384615386
128.0,125.69,98.1953125
152.0,146.34,96.27631578947368
78.0,92.46,118.53846153846152
110.0,108.61,98.73636363636363
37.0,33.48,90.48648648648647
92.0,97.24,105.69565217391303
92.0,91.78,99.76086956521739
140.0,134.52,96.0857142857143
151.0,140.03,92.73509933774835
82.0,89.01,108.54878048780488
72.0,75.67,105.09722222222221
184.0,153.19,83.25543478260869
193.0,176.74,91.57512953367876
40700.0,38193.23,93.84085995085995
125.0,136.32,109.056
325.0,346.97,106.76
129.0,143.64,111.3488372093023
626.0,831.3,132.79552715654953
125.0,118.85,95.08
185.0,170.13,91.96216216216216
220.0,215.05,97.75
101.0,115.74,114.59405940594058
198.0,199.68,100.84848484848486
649.0,577.97,89.05546995377505
101.0,110.87,109.77227722772278
113.0,109.74,97.11504424778761
123.0,118.14,96.04878048780488
65.0,63.8,98.15384615384615
111.0,117.22,105.60360360360362
199.0,188.13,94.53768844221105
125.0,116.87,93.496
80.0,97.95,122.4375
55.0,67.49,122.7090909090909
103.0,103.6,100.58252427184466
90.0,114.88,127.64444444444445
127.0,116.3,91.5748031496063
98.0,93.69,95.60204081632652
92.0,99.22,107.84782608695652
87.0,84.7,97.35632183908046
112.0,109.63,97.88392857142857
203.0,206.92,101.93103448275862
89.0,94.54,106.22471910112361
100.0,103.18,103.18
102.0,100.97,98.99019607843137
158.0,166.08,105.11392405063292
50.0,60.93,121.85999999999999
74.0,73.14,98.83783783783784
92.0,100.27,108.9891304347826
83.0,85.32,102.79518072289156
69.0,88.52,128.28985507246375
157.0,141.27,89.98089171974523
107.0,112.06,104.72897196261684
131.0,130.21,99.3969465648855
290.0,286.28,98.71724137931034
350.0,339.97,97.13428571428572
65.0,68.57,105.49230769230769
166.0,157.71,95.00602409638554
93.0,107.85,115.96774193548387
124.0,112.34,90.59677419354838
1383.0,1260.01,91.10701373825017
110.0,113.1,102.81818181818181
110.0,109.41,99.46363636363637
128.0,161.96,126.53125
113.0,101.58,89.8938053097345
82.0,92.36,112.6341463414634
98.0,97.43,99.41836734693878
92.0,85.93,93.40217391304348
195.0,177.85,91.2051282051282
82.0,82.27,100.32926829268291
582.0,491.71,84.48625429553265
204.0,195.64,95.90196078431373
138.0,117.59,85.21014492753623
120.0,127.7,106.41666666666667
123.0,123.17,100.13821138211382
142.0,139.06,97.92957746478874
157.0,144.02,91.73248407643312
595.0,558.16,93.80840336134453
59.0,89.0,150.84745762711864
192.0,192.87,100.45312500000001
76.0,79.2,104.21052631578948
187.0,162.17,86.72192513368984
50.0,75.28166666666667,150.56333333333333
200.0,194.39,97.195
99.0,98.77,99.76767676767676
450.0,492.72,109.49333333333333
126.0,125.66,99.73015873015872
116.0,113.43,97.7844827586207
130.0,145.21,111.7
136.0,123.69,90.9485294117647
97.0,98.55,101.59793814432989
114.0,129.39,113.49999999999997
125.0,125.26,100.20800000000001
149.0,143.01,95.97986577181207
133.0,146.45,110.11278195488721
173.0,157.26,90.90173410404624
175.0,160.58,91.76
119.0,115.09,96.71428571428572
801.0,622.44,77.70786516853934
263.0,251.09,95.47148288973384
353.0,343.94,97.43342776203966
108.0,117.15316666666666,108.47515432098764
732.0,1055.64,144.21311475409837
176.0,146.57,83.2784090909091
138.0,132.19,95.78985507246377
180.0,166.16,92.31111111111112
120.0,121.3,101.08333333333333
121.0,121.02,100.01652892561982
552.0,481.78,87.27898550724638
295.0,261.74,88.72542372881355
188.0,183.87,97.80319148936171
48.0,58.22,121.29166666666666
67.0,74.025,110.48507462686568
178.0,162.92,91.52808988764043
74.0,78.61,106.22972972972973
134.0,120.13,89.64925373134328
143.0,127.52,89.17482517482517
197.0,179.4,91.06598984771573
91.0,89.02,97.82417582417582
130.0,121.16,93.19999999999999
127.0,132.55,104.3700787401575
180.0,176.16,97.86666666666667
100.0,106.87,106.87
111.0,106.2,95.67567567567568
114.0,124.57,109.2719298245614
572.0,502.08,87.77622377622377
140.0,134.84,96.31428571428572
125.0,120.27,96.21600000000001
162.0,168.51,104.0185185185185
136.0,145.88,107.26470588235293
300.0,303.74,101.24666666666667
86.0,95.19,110.6860465116279
336.0,305.43,90.90178571428572
227.0,192.68,84.88105726872247
110.0,110.53,100.48181818181818
182.0,161.55,88.76373626373628
125.0,121.92,97.536
97.0,106.98,110.28865979381443
288.0,284.95,98.94097222222223
142.0,110.561,77.85985915492958
132.0,130.09,98.55303030303031
121.0,164.11,135.62809917355375
111.0,113.58,102.32432432432432
120.0,125.45,104.54166666666667
280.0,269.03,96.08214285714286
129.0,129.14,100.10852713178294
95.0,97.29,102.41052631578948
125.0,115.25,92.2
81.0,81.83,101.0246913580247
78.0,84.69,108.57692307692308
115.0,112.39,97.7304347826087
277.0,249.91,90.2202166064982
823.0,811.01,98.54313487241798
101.0,107.05,105.990099009901
117.0,131.72,112.58119658119658
1178.0,1216.02,103.22750424448218
215.0,230.72,107.31162790697675
89.0,93.81,105.40449438202248
198.0,190.06,95.98989898989899
165.0,157.87,95.67878787878789
99.0,97.91,98.8989898989899
209.0,213.45,102.1291866028708
141.0,134.62,95.47517730496455
139.0,124.01,89.2158273381295
113.0,113.08,100.07079646017698
224.0,197.83,88.31696428571429
144.0,140.81,97.78472222222221
81.0,82.96,102.41975308641975
130.0,141.38,108.75384615384615
100.0,110.59,110.59
123.0,129.76,105.4959349593496
303.0,261.38,86.26402640264025
643.0,541.57,84.22550544323485
77.0,76.09,98.81818181818183
76.0,86.6,113.94736842105262
40.0,74.0275,185.06875
77.0,81.024,105.22597402597403
161.0,170.53,105.9192546583851
46.0,70.23,152.67391304347825
313.0,364.59,116.48242811501596
144.0,155.47,107.96527777777779
118.0,119.88,101.59322033898303
86.0,87.45,101.68604651162792
109.0,103.72,95.15596330275228
125.0,116.45,93.16
100.0,104.39,104.39
77.0,72.64,94.33766233766234
116.0,108.33,93.38793103448275
70.0,80.72,115.3142857142857
216.0,196.7,91.06481481481481
128.0,121.77,95.1328125
88.0,94.26,107.11363636363637
331.0,301.77,91.1691842900302
151.0,140.07,92.76158940397352
185.0,175.57,94.9027027027027
100.0,104.93,104.93
248.0,246.91,99.56048387096774
169.0,164.64,97.42011834319526
90.0,101.06,112.28888888888888
258.0,247.11,95.77906976744187
65.0,82.1,126.30769230769229
164.0,151.12,92.14634146341464
134.0,118.9,88.73134328358209
204.0,166.08,81.41176470588236
127.0,168.21,132.4488188976378
94.0,96.42,102.57446808510637
119.0,125.37,105.35294117647058
150.0,139.95,93.3
112.0,101.3,90.44642857142857
50.0,55.51,111.01999999999998
153.0,190.07,124.22875816993464
154.0,160.84,104.44155844155844
92.0,96.34,104.71739130434783
193.0,158.87,82.3160621761658
133.0,117.32,88.21052631578948
95.0,94.62,99.6
133.0,167.04,125.59398496240601
75.0,82.61,110.14666666666666
160.0,135.1,84.4375
138.0,126.97,92.0072463768116
77.0,83.42,108.33766233766234
155.0,130.64,84.28387096774192
88.0,90.07,102.35227272727272
100.0,102.09,102.09000000000002
180.0,168.94,93.85555555555555
90.0,88.83,98.7
155.0,166.44,107.38064516129032
97.0,85.32,87.95876288659792
250.0,264.53,105.812
78.0,87.55,112.24358974358975
100.0,113.79,113.79000000000002
56.0,61.21142857142857,109.3061224489796
127.0,126.81,99.8503937007874
645.0,678.12,105.13488372093023
79.0,81.15,102.72151898734178
93.0,95.43533333333333,102.61863799283152
165.0,185.44,112.38787878787879
159.0,150.2,94.46540880503143
165.0,152.91,92.67272727272727
90.0,101.13,112.36666666666666
98.0,230.97,235.68367346938777
175.0,158.49,90.5657142857143
158.0,204.15,129.20886075949366
400.0,438.76,109.69
128.0,130.9,102.265625
63.0,78.75,125.0
172.0,164.36,95.55813953488372
103.0,97.66,94.81553398058253
287.0,229.51,79.96864111498257
82.0,83.28,101.5609756097561
355.0,350.12,98.62535211267605
452.0,495.94,109.7212389380531
88.0,91.11,103.53409090909092
205.0,228.47,111.44878048780488
114.0,107.9,94.64912280701755
118.0,113.21,95.94067796610169
70.0,86.3,123.28571428571429
154.0,148.04,96.12987012987013
126.0,117.97,93.62698412698413
179.0,170.54,95.27374301675977
146.0,134.8,92.32876712328768
151.0,143.6,95.09933774834437
123.0,113.32,92.130081300813
110.0,112.96,102.69090909090907
99.0,139.90816666666663,141.32138047138042
112.0,109.55,97.8125
96.0,93.64,97.54166666666667
109.0,108.43,99.4770642201835
105.0,113.78,108.36190476190477
69.0,90.38,130.9855072463768
104.0,137.09,131.8173076923077
87.0,87.08,100.09195402298849
122.0,171.55,140.61475409836066
173.0,219.2,126.70520231213874
100.0,89.2,89.2
128.0,138.27,108.02343750000001
265.0,264.13,99.67169811320754
168.0,151.16,89.97619047619048
540.0,435.8,80.70370370370371
2100.0,2093.85,99.70714285714286
300.0,271.89,90.63
88.0,103.92,118.0909090909091
84.0,88.17,104.96428571428571
167.0,167.82,100.49101796407184
101.0,100.22,99.22772277227723
289.0,327.41,113.29065743944638
123.0,144.01,117.08130081300811
101.0,103.5,102.47524752475248
76.0,98.9,130.1315789473684
185.0,215.83,116.66486486486487
68.0,71.42,105.02941176470588
202.0,189.57,93.84653465346534
229.0,296.57,129.5065502183406
255.0,259.62,101.81176470588235
114.0,105.39,92.44736842105263
119.0,127.67,107.28571428571429
124.0,144.6,116.61290322580643
50.0,75.8,151.6
49.0,49.77,101.57142857142858
95.0,103.71,109.16842105263159
98.0,99.02,101.04081632653062
73.0,84.23,115.38356164383563
101.0,114.38,113.24752475247524
155.0,173.95,112.22580645161288
87.0,81.51,93.6896551724138
90.0,95.51,106.12222222222223
125.0,121.44,97.15199999999999
271.0,307.15,113.33948339483395
135.0,149.65,110.85185185185185
203.0,214.89,105.85714285714285
250.0,230.77,92.308
155.0,146.07,94.23870967741935
137.0,122.8,89.63503649635037
56.0,44.5,79.46428571428571
100.0,102.11,102.10999999999999
55.0,70.69,128.5272727272727
146.0,152.03,104.13013698630138
96.0,99.69,103.84374999999999
107.0,95.18,88.95327102803739
155.0,165.01,106.45806451612903
124.0,115.38,93.04838709677419
298.0,275.6,92.48322147651008
99.0,105.62,106.68686868686869
273.0,291.51,106.78021978021978
183.0,178.49,97.53551912568307
148.0,134.69,91.00675675675676
71.0,79.85,112.46478873239437
106.0,127.76,120.52830188679246
235.0,211.28,89.90638297872341
95.0,122.66,129.1157894736842
105.0,126.27,120.25714285714287
298.0,268.05,89.9496644295302
86.0,90.51,105.24418604651163
101.0,95.83,94.88118811881188
220.0,234.58,106.62727272727273
165.0,163.67,99.19393939393939
46.0,49.55,107.71739130434781
51.0,74.02,145.13725490196077
172.0,167.71,97.50581395348837
141.0,133.27,94.51773049645391
284.0,291.05,102.4823943661972
160.0,167.89,104.93124999999999
149.0,150.66,101.11409395973155
99.0,97.56,98.54545454545455
97.0,95.37,98.31958762886597
98.0,93.68,95.59183673469389
45.0,61.29,136.2
5392.0,3972.15,73.6674703264095
317.0,263.55,83.13880126182966
75.0,93.486,124.648
256.0,253.31,98.94921875
102.0,108.45,106.32352941176471
139.0,125.89,90.568345323741
193.0,199.59,103.41450777202073
202.0,192.4,95.24752475247526
322.0,291.33,90.4751552795031
114.0,111.62,97.9122807017544
91.0,91.35,100.38461538461539
270.0,225.56,83.54074074074074
6225.0,5540.05,88.99678714859438
200.0,146.84,73.42
126.0,132.23,104.94444444444444
77.0,77.54,100.70129870129871
200.0,165.1,82.55
110.0,134.29,122.08181818181818
190.0,183.76,96.71578947368421
77.0,75.46,97.99999999999999
263.0,368.61,140.15589353612168
142.0,139.25,98.06338028169014
98.0,96.98,98.95918367346938
145.0,145.22,100.15172413793103
129.0,131.64,102.04651162790697
280.0,280.59,100.21071428571429
173.0,158.04,91.35260115606935
227.0,221.95,97.77533039647577
89.0,110.95,124.6629213483146
175.0,173.09,98.90857142857143
226.0,237.75,105.19911504424779
158.0,153.9,97.40506329113924
108.0,115.96,107.37037037037037
138.0,194.02,140.59420289855075
85.0,83.03,97.68235294117648
156.0,143.43,91.94230769230771
262.0,262.18,100.06870229007635
106.0,104.3,98.39622641509433
589.0,721.62,122.51612903225806
231.0,250.51,108.44588744588744
111.0,108.45,97.70270270270271
1011.0,925.27,91.52027695351137
280.0,242.69,86.675
88.0,87.43,99.35227272727273
100.0,102.52,102.51999999999998
43.0,60.14,139.86046511627907
130.0,142.64,109.72307692307692
123.0,113.28,92.09756097560977
90.0,99.16,110.17777777777778
178.0,153.27,86.10674157303372
84.0,84.17,100.20238095238096
130.0,124.33,95.63846153846154
75.0,72.92,97.22666666666667
158.0,162.65,102.94303797468353
92.0,92.22,100.23913043478261
185.0,180.78,97.71891891891892
160.0,157.37,98.35625
353.0,360.06,102.0
90.0,102.73,114.14444444444445
139.0,142.0,102.15827338129498
85.0,98.54,115.92941176470588
155.0,146.85,94.74193548387096
100.0,125.19,125.19
74.0,80.05,108.17567567567568
110.0,98.09,89.17272727272729
169.0,136.8,80.94674556213019
131.0,139.27,106.31297709923663
405.0,337.39,83.30617283950616
262.0,294.59,112.43893129770993
113.0,121.91,107.88495575221239
247.0,257.64,104.3076923076923
78.0,77.01,98.73076923076923
72.0,78.36,108.83333333333334
175.0,154.57,88.32571428571428
192.0,317.68,165.45833333333334
140.0,162.58,116.12857142857145
329.0,310.73,94.4468085106383
146.0,144.54,99.0
152.0,163.96,107.86842105263159
236.0,235.38,99.73728813559322
79.0,93.15,117.9113924050633
116.0,114.84,99.0
329.0,276.74,84.11550151975685
151.0,134.35,88.97350993377484
97.0,105.73,109.00000000000001
151.0,145.56,96.39735099337749
120.0,124.63,103.85833333333332
195.0,206.46,105.87692307692309
171.0,199.85,116.87134502923978
80.0,79.02,98.77499999999999
111.0,114.69,103.32432432432432
58.0,64.41,111.05172413793103
147.0,146.39,99.58503401360544
142.0,174.98,123.22535211267605
92.0,105.49,114.66304347826086
128.0,116.97,91.3828125
101.0,106.57,105.5148514851485
100.0,99.51,99.51
122.0,117.33,96.17213114754098
99.0,100.13833333333332,101.14983164983164
190.0,165.97,87.35263157894737
138.0,153.83,111.47101449275362
80.0,83.44,104.3
75.0,75.12,100.16000000000001
114.0,124.98,109.63157894736844
112.0,110.59,98.74107142857143
99.0,97.6,98.58585858585857
75.0,100.73,134.30666666666667
50.0,67.98966666666666,135.97933333333333
138.0,152.6,110.57971014492753
128.0,126.86,99.109375
205.0,207.07,101.00975609756098
170.0,137.27,80.74705882352941
130.0,142.82,109.86153846153846
129.0,137.06,106.24806201550388
149.0,133.44,89.55704697986577
186.0,201.57,108.37096774193549
134.0,143.52,107.10447761194031
323.0,257.0,79.56656346749226
110.0,109.52,99.56363636363636
685.0,626.71,91.49051094890511
46.0,50.76,110.34782608695653
128.0,121.14,94.640625
100.0,108.71,108.71
109.0,203.07,186.30275229357798
397.0,346.62,87.30982367758186
86.0,103.41,120.24418604651162
143.0,142.62,99.73426573426573
206.0,175.85,85.36407766990291
116.0,117.56,101.3448275862069
183.0,180.99,98.9016393442623
900.0,769.62,85.51333333333334
250.0,327.52,131.00799999999998
129.0,150.81,116.90697674418604
175.0,182.11,104.06285714285714
100.0,109.44,109.44
94.0,117.13,124.60638297872339
165.0,162.81,98.67272727272727
215.0,236.26,109.88837209302325
117.0,120.46,102.95726495726495
101.0,110.69,109.5940594059406
148.0,149.04,100.7027027027027
82.0,87.32,106.48780487804876
94.0,108.42,115.3404255319149
88.0,89.53,101.73863636363636
112.0,114.53,102.25892857142857
147.0,146.63,99.74829931972789
222.0,223.39433333333335,100.62807807807808
193.0,187.01,96.8963730569948
413.0,331.39,80.23970944309927
92.0,98.15,106.68478260869566
816.0,899.78,110.26715686274508
77.0,98.33,127.7012987012987
100.0,89.49,89.49
119.0,127.12,106.82352941176472
352.0,339.61,96.48011363636364
166.0,184.0,110.8433734939759
88.0,93.05,105.73863636363636
115.0,119.7,104.08695652173914
90.0,90.6,100.66666666666666
137.0,128.57,93.84671532846714
2650.0,3227.17,121.78
82.0,84.68,103.26829268292683
373.0,489.67,131.2788203753351
120.0,119.56,99.63333333333334
101.0,98.78,97.8019801980198
120.0,119.58,99.64999999999999
133.0,133.66,100.49624060150376
204.0,184.88,90.62745098039215
137.0,132.67,96.83941605839415
157.0,127.9,81.46496815286625
161.0,174.95,108.66459627329192
130.0,130.5,100.38461538461539
145.0,140.09,96.61379310344827
83.0,81.625,98.3433734939759
259.0,230.62,89.04247104247105
749.0,686.08,91.59946595460615
69.0,83.81,121.46376811594205
108.0,111.35,103.10185185185186
70.0,71.62,102.31428571428572
77.0,103.19,134.012987012987
110.0,111.58,101.43636363636364
655.0,725.35,110.74045801526718
225.0,290.63,129.1688888888889
164.0,136.88,83.46341463414633
128.0,123.24,96.28125
110.0,110.69,100.62727272727273
79.0,81.31,102.92405063291139
354.0,358.18,101.18079096045199
298.0,293.49,98.48657718120806
98.0,90.76,92.61224489795919
126.0,139.77,110.92857142857144
193.0,242.3,125.5440414507772
97.0,100.52,103.62886597938143
144.0,148.83,103.35416666666669
322.0,281.29,87.35714285714286
55.0,67.26,122.2909090909091
135.0,121.69,90.14074074074074
240.0,218.38,90.99166666666666
113.0,112.54,99.59292035398231
116.0,160.92,138.72413793103448
100.0,108.37333333333332,108.37333333333332
90.0,88.19,97.98888888888888
121.0,138.2,114.21487603305785
275.0,255.94,93.06909090909092
129.0,131.01,101.55813953488371
206.0,198.22,96.22330097087378
162.0,180.51,111.42592592592592
175.0,176.85,101.05714285714285
130.0,123.9,95.30769230769232
343.0,365.4,106.53061224489795
230.0,200.54,87.19130434782608
195.0,181.72,93.18974358974359
251.0,242.1,96.45418326693228
83.0,81.22666666666667,97.86345381526105
103.0,108.79,105.62135922330098
352.0,352.39,100.11079545454544
186.0,151.29,81.33870967741935
381.0,317.91,83.44094488188976
121.0,119.13,98.45454545454545
150.0,174.66,116.43999999999998
100.0,100.75,100.75
239.0,243.65,101.94560669456068
175.0,170.33,97.33142857142857
99.0,157.29,158.87878787878788
275.0,250.99,91.2690909090909
182.0,182.18,100.0989010989011
137.0,145.57,106.25547445255475
194.0,238.99,123.19072164948454
96.0,103.71,108.03125
70.0,69.3,99.0
152.0,158.11,104.01973684210529
118.0,109.87,93.11016949152543
50.0,63.96,127.92000000000002
123.0,124.96,101.59349593495935
108.0,115.52,106.96296296296295
105.0,101.76,96.91428571428573
1052.0,887.92,84.40304182509504
148.0,125.66,84.9054054054054
197.0,219.09,111.21319796954315
109.0,109.58,100.53211009174312
157.0,131.5,83.7579617834395
115.0,116.54,101.33913043478262
224.0,199.98,89.27678571428571
112.0,107.48,95.96428571428571
99.0,109.57,110.67676767676767
140.0,150.41,107.43571428571428
88.0,87.85,99.82954545454544
166.0,180.42,108.68674698795179
166.0,166.55,100.33132530120483
150.0,163.67,109.11333333333333
148.0,132.46,89.5
137.0,138.34,100.97810218978103
135.0,145.34,107.65925925925926
72.0,73.63,102.26388888888889
178.0,192.53,108.1629213483146
238.0,234.94,98.71428571428571
105.0,103.45,98.52380952380952
262.0,246.79,94.19465648854961
142.0,156.71,110.35915492957746
162.0,154.91,95.62345679012346
151.0,133.73,88.56291390728475
120.0,123.51,102.925
99.0,100.18,101.19191919191918
811.0,670.87,82.7213316892725
153.0,156.38,102.20915032679738
125.0,117.04,93.632
236.0,211.71,89.70762711864407
160.0,191.62,119.76249999999999
92.0,107.05,116.35869565217392
199.0,245.51,123.3718592964824
99.0,100.77,101.78787878787878
70.0,68.25,97.5
101.0,103.76,102.73267326732673
180.0,163.7,90.94444444444444
132.0,134.33,101.76515151515153
78.0,76.46,98.02564102564102
166.0,160.18,96.49397590361446
145.0,134.99,93.09655172413794
99.0,102.11,103.14141414141413
143.0,128.43,89.81118881118881
98.0,97.16,99.14285714285714
107.0,109.29,102.14018691588787
208.0,205.81,98.94711538461539
70.0,71.77,102.52857142857141
82.0,100.46,122.51219512195122
103.0,102.02,99.04854368932038
85.0,106.06,124.77647058823528
90.0,94.39,104.87777777777778
200.0,254.4,127.2
201.0,185.41,92.24378109452736
167.0,156.11,93.47904191616767
89.0,88.59,99.53932584269664
123.0,127.33,103.52032520325203
187.0,183.99,98.39037433155082
106.0,123.73,116.72641509433963
640.0,569.36,88.9625
146.0,145.76,99.83561643835615
84.0,84.32,100.38095238095237
147.0,149.29,101.5578231292517
200.0,257.21,128.605
120.0,114.69,95.575
143.0,144.24,100.86713286713287
140.0,136.39,97.42142857142856
167.0,256.0,153.2934131736527
92.0,130.93,142.31521739130434
91.0,90.55,99.50549450549451
105.0,111.15,105.85714285714288
122.0,123.36,101.11475409836066
94.0,93.83,99.81914893617021
106.0,111.87,105.53773584905662
92.0,120.46,130.93478260869566
116.0,118.98,102.56896551724137
296.0,257.66,87.0472972972973
87.0,88.5,101.72413793103448
154.0,134.85,87.56493506493506
127.0,125.04,98.45669291338584
99.0,90.15,91.06060606060606
115.0,115.09,100.07826086956521
111.0,129.19,116.38738738738739
95.0,113.09,119.04210526315791
577.0,569.89,98.76776429809358
213.0,219.37,102.9906103286385
72.0,126.41,175.56944444444446
36.0,56.34,156.50000000000003
210.0,184.52,87.86666666666667
300.0,359.17,119.72333333333334
110.0,112.35,102.13636363636363
350.0,351.91,100.54571428571428
93.0,99.58,107.0752688172043
128.0,121.53,94.9453125
460.0,383.76,83.42608695652174
132.0,144.76,109.66666666666667
88.0,84.17,95.64772727272728
118.0,117.43,99.51694915254238
1346.0,1289.64,95.81277860326895
76.0,78.18,102.86842105263159
213.0,220.86,103.69014084507042
916.0,866.04,94.54585152838428
237.0,221.75,93.56540084388185
193.0,190.65,98.78238341968913
149.0,148.94,99.95973154362416
103.0,104.52,101.47572815533981
79.0,85.94,108.78481012658227
189.0,184.58,97.66137566137567
90.0,95.47,106.07777777777778
95.0,95.23,100.24210526315788
184.0,157.22,85.44565217391305
145.0,144.97,99.97931034482758
72.0,82.81,115.01388888888889
77.0,74.9,97.27272727272728
181.0,176.32,97.41436464088397
102.0,103.74,101.70588235294117
120.0,121.45,101.20833333333334
199.0,197.12,99.05527638190955
121.0,115.81,95.7107438016529
108.0,115.8,107.22222222222221
228.0,230.52,101.10526315789474
482.0,439.39,91.15975103734439
101.0,94.08,93.14851485148515
115.0,122.62,106.62608695652173
240.0,236.03,98.34583333333333
134.0,123.72,92.32835820895522
140.0,131.11,93.65
95.0,109.13,114.8736842105263
142.0,150.46,105.95774647887323
110.0,105.11,95.55454545454546
232.0,231.76,99.89655172413792
107.0,110.86,103.60747663551402
225.0,222.63,98.94666666666666
175.0,201.78,115.30285714285715
101.0,95.24,94.29702970297029
100.0,122.655,122.655
127.0,124.47,98.00787401574803
383.0,294.31,76.84334203655354
175.0,182.77,104.44
121.0,117.93,97.46280991735537
133.0,129.1,97.06766917293233
95.0,100.16,105.43157894736841
806.0,692.75,85.94913151364764
625.0,797.29,127.56639999999999
73.0,78.68,107.78082191780823
270.0,239.5,88.70370370370371
141.0,130.86,92.80851063829788
284.0,274.55,96.6725352112676
97.0,98.02,101.05154639175258
840.0,979.4,116.59523809523809
175.0,195.31,111.60571428571428
185.0,178.1,96.27027027027026
200.0,193.02,96.51
80.0,80.22,100.275
102.0,106.12,104.03921568627452
145.0,143.83,99.19310344827586
365.0,338.02,92.60821917808218
105.0,110.84,105.56190476190477
125.0,120.82,96.65599999999999
127.0,118.35,93.18897637795274
51.0,60.73,119.078431372549
117.0,121.4,103.76068376068378
62.0,74.87,120.75806451612905
65.0,71.99,110.75384615384614
115.0,113.44,98.64347826086957
275.0,332.2,120.8
70.0,77.33,110.47142857142858
237.0,222.06,93.69620253164557
161.0,148.13,92.00621118012423
88.0,96.07,109.17045454545453
153.0,144.31,94.3202614379085
69.0,76.19,110.42028985507247
95.0,100.93,106.2421052631579
202.0,210.84,104.37623762376238
110.0,98.89,89.9
472.0,452.89,95.95127118644068
111.0,111.0,100.0
202.0,240.82,119.21782178217822
157.0,159.86,101.82165605095544
108.0,108.43,100.39814814814815
126.0,125.04,99.23809523809524
104.0,99.47,95.64423076923076
81.0,94.87,117.12345679012346
1721.0,1940.76,112.76932016269609
88.0,86.7,98.52272727272727
236.0,219.35,92.94491525423729
171.0,170.81,99.8888888888889
272.0,225.1,82.75735294117646
123.0,125.20666666666668,101.79403794037943
141.0,141.63,100.44680851063829
80.0,86.5,108.125
142.0,147.42,103.8169014084507
133.0,134.43,101.07518796992481
170.0,185.51,109.12352941176471
179.0,235.58,131.60893854748602
116.0,118.83,102.43965517241381
130.0,132.05,101.57692307692308
99.0,126.48,127.75757575757576
144.0,143.68,99.77777777777779
373.0,360.04,96.52546916890081
119.0,106.11,89.16806722689076
261.0,252.84,96.8735632183908
103.0,99.33,96.43689320388349
145.0,146.48,101.02068965517242
118.0,110.71,93.82203389830508
33.0,38.88,117.81818181818183
242.0,260.81,107.77272727272727
99.0,99.37,100.37373737373738
110.0,108.93,99.02727272727273
150.0,182.29,121.52666666666667
191.0,171.14,89.60209424083769
134.0,144.08,107.52238805970151
236.0,206.81,87.63135593220339
84.0,91.88133333333333,109.38253968253969
48.0,47.68,99.33333333333333
327.0,392.87,120.14373088685015
158.0,157.07,99.41139240506328
100.0,91.91,91.91
70.0,78.62,112.31428571428572
123.0,121.35,98.65853658536585
55.0,54.55,99.18181818181819
199.0,231.44,116.30150753768844
100.0,100.55,100.55000000000001
90.0,97.49,108.32222222222221
146.0,144.46,98.94520547945206
200.0,191.31,95.655
90.0,98.86,109.84444444444443
217.0,194.74,89.74193548387098
80.0,77.1,96.37499999999999
123.0,113.32,92.130081300813
55.0,63.42,115.30909090909091
161.0,158.0,98.13664596273291
68.0,73.12,107.5294117647059
166.0,151.19,91.07831325301204
123.0,114.93,93.4390243902439
239.0,219.81,91.97071129707113
120.0,125.23,104.35833333333333
103.0,117.73,114.30097087378641
439.0,413.72,94.24145785876993
126.0,173.43,137.64285714285717
92.0,88.54116666666668,96.24039855072466
72.0,96.28,133.72222222222223
156.0,213.67,136.9679487179487
122.0,131.96,108.16393442622952
118.0,124.55,105.5508474576271
1348.0,1179.04,87.46587537091987
623.0,514.45,82.57624398073837
190.0,236.42,124.43157894736841
106.0,131.84,124.37735849056604
36.0,39.25,109.02777777777777
151.0,140.17,92.82781456953641
104.0,114.63,110.22115384615385
983.0,811.62,82.56561546286876
172.0,166.51,96.80813953488372
63.0,64.52,102.4126984126984
225.0,203.07,90.25333333333333
85.0,91.08,107.15294117647059
114.0,113.91,99.92105263157895
94.0,86.89,92.43617021276596
218.0,196.97,90.35321100917432
65.0,71.04,109.29230769230772
192.0,187.3,97.55208333333334
934.0,688.18,73.68094218415418
56.0,69.95,124.91071428571429
157.0,154.19,98.21019108280254
95.0,111.55,117.42105263157893
95.0,93.41,98.32631578947368
145.0,145.02,100.0137931034483
65.0,70.26333333333334,108.0974358974359
104.0,114.17,109.77884615384616
96.0,112.46,117.14583333333333
89.0,94.93,106.66292134831461
284.0,253.57,89.28521126760563
220.0,191.18,86.9
142.0,147.46,103.84507042253522
132.0,121.47,92.02272727272727
123.0,130.26,105.90243902439023
200.0,198.83,99.415
99.0,101.38,102.40404040404042
97.0,103.12,106.30927835051547
689.0,726.34,105.41944847605225
119.0,122.92,103.29411764705883
115.0,112.43,97.76521739130435
153.0,192.59,125.87581699346406
125.0,120.72,96.576
220.0,206.09,93.67727272727274
123.0,121.72,98.95934959349594
